Sku Number,Product Name,Product Type,Product Family
AU1080745048,83-Stanmore Bluetooth Speaker   Black,Music,Audio
CT9841845457,265-Inspiron 19.5Portable Touch Screen All In,Computers,Computers & Tablets
CT9802035682,704-WorkForce WF 7620 Wireless Wide Format All,Computers,Computers & Tablets
CT9776393587,248-21.5Touch Screen All In,Computers,Computers & Tablets
CT9713544500,267-IdeaCentre 23.84K Ultra HD Touch Screen All In,Computers,Computers & Tablets
CT9595895962,290-21.5"" LED HD Monitor   Black,Computers,Computers & Tablets
CT9570224287,410-Surface Pro 3   12""   Intel Core i3,Computers,Computers & Tablets
CT9430353261,622-S2415H 23.8IPS LED HD Monitor   Black,Computers,Computers & Tablets
CT9300231452,417-2 in 1 15.6Touch,Computers,Computers & Tablets
CT9298379174,295-19.5HD Touch Screen Monitor   Black,Computers,Computers & Tablets
CT9129157252,422-ENVY 17.3Touch Screen Laptop   Intel Core i7,Computers,Computers & Tablets
CT9114601610,709-Officejet Pro X576dw Wireless All In One Printer,Computers,Computers & Tablets
CT9004823529,419-Yoga 2 2 in 1 11.6Touch,Computers,Computers & Tablets
CT8938703660,445-Yoga 2 2 in 1 11.6Touch,Computers,Computers & Tablets
CT8910435004,424-ENVY x360 2 in 1 15.6Touch,Computers,Computers & Tablets
CT8901629479,649-P190S 19"" LCD Flat Panel Computer Monitor Display   Black,Computers,Computers & Tablets
CT8878437657,644-34"" Curved HD 21:9 Ultrawide Monitor   Glossy Black,Computers,Computers & Tablets
CT8827478977,275-Gamer Ultra Desktop   AMD FX Series,Computers,Computers & Tablets
CT8701663922,279-27"" iMac® with Retina 5K display   Intel Core i5 (3.3GHz)   8GB Memory,Computers,Computers & Tablets
CT8697562553,706-LaserJet Pro MFP M127fw Wireless Black and White All,Computers,Computers & Tablets
CT8661171881,428-Yoga 900 13.32 in 1 Touch,Computers,Computers & Tablets
CT8492408515,404-Stream 11.6"" Laptop   Intel Celeron   2GB Memory,Computers,Computers & Tablets
CT8467212032,632-21.5"" LED HD Monitor   Glossy Black,Computers,Computers & Tablets
CT8425344555,261-21.5All In One,Computers,Computers & Tablets
CT8381741551,292-21.5IPS LCD HD Monitor   Black,Computers,Computers & Tablets
CT8347475252,631-29IPS LED HD 21:9 UltraWide Monitor   Black,Computers,Computers & Tablets
CT8308144248,616-23IPS LED HD Monitor   Black/Silver,Computers,Computers & Tablets
CT8218261107,412-Flex 3 2 in 1 11.6Touch,Computers,Computers & Tablets
CT8211553617,702-MFC 9130CW Digital Color Laser All in,Computers,Computers & Tablets
CT8111155516,440-Satellite Radius 2 in 1 15.64K Ultra HD Touch,Computers,Computers & Tablets
CT8062888359,418-Surface Book 2 in 1 13.5Touch,Computers,Computers & Tablets
CT8035804748,611-S200HQL 19.5"" LED Monitor   Black,Computers,Computers & Tablets
CT8017006477,"650-RL2455HM Widescreen LCD Monitor   Black, Red",Computers,Computers & Tablets
CT7955377034,409-MacBook®   12"" Display   Intel Core M,Computers,Computers & Tablets
CT7815110097,423-Satellite Radius 2 in 1 15.6Touch,Computers,Computers & Tablets
CT7788066134,414-Inspiron 13.3Touch Screen Laptop   Intel Core i5,Computers,Computers & Tablets
CT7769932574,257-Pavilion 23Touch Screen All In,Computers,Computers & Tablets
CT7638547239,277-Inspiron Desktop   Intel Celeron   2GB Memory,Computers,Computers & Tablets
CT7592497775,444-Aspire 15.6"" Laptop   Intel Celeron   4GB Memory,Computers,Computers & Tablets
CT7564156748,272-Inspiron 19.5Portable Touch Screen All In,Computers,Computers & Tablets
CT7559430587,636-21.5"" LED HD Monitor   Black,Computers,Computers & Tablets
CT7482159029,276-Inspiron 23Touch Screen All In,Computers,Computers & Tablets
CT7459038985,255-Pavilion 21.5Touch Screen All In,Computers,Computers & Tablets
CT7375637437,420-Inspiron 15.6Touch Screen Laptop   Intel Core i5,Computers,Computers & Tablets
CT7303893024,278-Inspiron Desktop   Intel Pentium   4GB Memory,Computers,Computers & Tablets
CT7291294434,429-Yoga 900 13.32 in 1 Touch,Computers,Computers & Tablets
CT7279289235,411-Satellite Radius 11.6Touch Screen Laptop   Intel Pentium,Computers,Computers & Tablets
CT7217599640,438-11.6"" Chromebook 2   Intel Celeron   2GB Memory,Computers,Computers & Tablets
CT7094405528,416-Surface Book 2 in 1 13.5Touch,Computers,Computers & Tablets
CT7026383228,430-Surface Pro 4   12.3""   128GB,Computers,Computers & Tablets
CT6854395112,446-Flex 3 2 in 1 11.6Touch,Computers,Computers & Tablets
CT6845192561,287-21.5IPS LED HD Monitor   Black,Computers,Computers & Tablets
CT6759436690,635-23.6"" LED HD Monitor   Glossy Black,Computers,Computers & Tablets
CT6706490545,406-Surface 3   10.8""   Intel Atom,Computers,Computers & Tablets
CT6609190085,437-Edge 2 15.62 in 1 Touch,Computers,Computers & Tablets
CT6596585801,288-27"" LED Curved HD Monitor   Black,Computers,Computers & Tablets
CT6411976399,620-27IPS LED HD Monitor   Silver,Computers,Computers & Tablets
CT6360680509,249-Inspiron 23.8Touch Screen All In,Computers,Computers & Tablets
CT6192629426,439-Spectre x360 2 in 1 13.3Touch,Computers,Computers & Tablets
CT6008243671,648-Pavilion 21.5IPS LED HD Monitor   Jet Black/Natural Silver,Computers,Computers & Tablets
CT5813846456,264-27"" iMac® with Retina 5K display   Intel Core i5 (3.2GHz)   8GB Memory,Computers,Computers & Tablets
CT5806033929,421-14"" Chromebook   Intel Celeron   2GB Memory,Computers,Computers & Tablets
CT5772178429,634-UD590 Series 28"" LED 4K UHD Monitor   Black,Computers,Computers & Tablets
CT5757372358,626-25IPS LED HD Monitor   Black,Computers,Computers & Tablets
CT5686441945,617-27"" Widescreen Flat Panel IPS LED HD Monitor   Piano Black/Silver,Computers,Computers & Tablets
CT5679960582,250-Inspiron 23.8All In One,Computers,Computers & Tablets
CT5594586580,613-27"" LED HD Monitor   Black,Computers,Computers & Tablets
CT5400764855,407-13.3"" Chromebook 2   Intel Celeron   4GB Memory,Computers,Computers & Tablets
CT5370546105,280-Pavilion 23Touch Screen All In,Computers,Computers & Tablets
CT5170625551,415-MacBook Pro with Retina display (Latest Model)   13.3"" Display   8GB Memory,Computers,Computers & Tablets
CT5103790018,436-Star Wars Special Edition 15.6"" Laptop   Intel Core i7   8GB Memory,Computers,Computers & Tablets
CT5096325779,637-23.6"" Widescreen LED Monitor   Black,Computers,Computers & Tablets
CT5009663409,258-19.45All In One,Computers,Computers & Tablets
CT5007298181,701-HL 3170CDW Color Laser Printer   Black,Computers,Computers & Tablets
CT4969118257,639-23"" LCD Monitor   Black,Computers,Computers & Tablets
CT4940693319,397-MacBook® Pro   15.4"" Display   Intel Core i7,Computers,Computers & Tablets
CT4843733004,638-E2715HM 27IPS LED HD Monitor   Black,Computers,Computers & Tablets
CT4823776839,708-Officejet Pro 8630 e All in,Computers,Computers & Tablets
CT4818434108,285-Slimline Desktop   Intel Pentium   4GB Memory,Computers,Computers & Tablets
CT4774996561,640-P2314H 23IPS LED HD Monitor   Black,Computers,Computers & Tablets
CT4737533741,443-2 in 1 13.3Touch,Computers,Computers & Tablets
CT4724305338,281-Pavilion Desktop   Intel Core i3   8GB Memory,Computers,Computers & Tablets
CT4698415187,254-Pavilion 23Touch Screen All In,Computers,Computers & Tablets
CT4693807809,270-Pavilion 23Touch Screen All In,Computers,Computers & Tablets
CT4691394613,442-Inspiron 7000 Series 2 in 1 15.6Touch,Computers,Computers & Tablets
CT4639576066,262-ENVY 27Touch Screen All In,Computers,Computers & Tablets
CT4638483089,271-19.5Portable Touch Screen All in,Computers,Computers & Tablets
CT4606947889,435-MacBook®   12"" Display   Intel Core M,Computers,Computers & Tablets
CT4596483816,400-ENVY 17.3Touch Screen Laptop   Intel Core i7,Computers,Computers & Tablets
CT4494043487,405-Flip 2 in 1 10.1Touch,Computers,Computers & Tablets
CT4395565293,625-27HD Monitor   Black,Computers,Computers & Tablets
CT4328901576,647-17"" LED Monitor   Black,Computers,Computers & Tablets
CT4011286927,274-IdeaCentre 300s Desktop   Intel Core i5   8GB Memory,Computers,Computers & Tablets
CT4006244819,641-19"" Widescreen LED Monitor   Black,Computers,Computers & Tablets
CT4004907556,614-21.5IPS LED HD Monitor   Black,Computers,Computers & Tablets
CT3977847955,432-2 in 1 13.3Touch,Computers,Computers & Tablets
CT3975392702,252-Inspiron 19.5Portable Touch Screen All In,Computers,Computers & Tablets
CT3828180336,434-15.6"" Chromebook   Intel Celeron   4GB Memory,Computers,Computers & Tablets
CT3803120757,643-29"" LED Curved HD 21:9 Ultrawide Monitor   Black,Computers,Computers & Tablets
CT3789850006,247-19.5Portable Touch Screen All in,Computers,Computers & Tablets
CT3721911168,283-Desktop   AMD A10 Series,Computers,Computers & Tablets
CT3689490625,628-27IPS LED HD Monitor   Black,Computers,Computers & Tablets
CT3637993512,621-24"" LED HD Monitor   Black,Computers,Computers & Tablets
CT3630109664,646-23.6"" LED HD Monitor   Black,Computers,Computers & Tablets
CT3571906564,293-24"" LED HD Monitor   Black,Computers,Computers & Tablets
CT3486636250,427-G50 15.6"" Laptop   Intel Core i3   4GB Memory,Computers,Computers & Tablets
CT3480031756,433-Surface 3   10.8""   Intel Atom,Computers,Computers & Tablets
CT3411724256,402-MacBook® Pro   Intel Core i5   13.3"" Display,Computers,Computers & Tablets
CT3385614409,645-21.5"" LED HD Touch Screen Monitor   Black,Computers,Computers & Tablets
CT3323798423,627-Pavilion 23IPS LED HD Monitor   Jet Black/Natural Silver,Computers,Computers & Tablets
CT3189572270,441-G51 15.6"" Laptop   AMD A8 Series,Computers,Computers & Tablets
CT3064614683,286-Desktop   Intel Core i5   8GB Memory,Computers,Computers & Tablets
CT3018429823,633-27"" LED HD Monitor   Glossy Black,Computers,Computers & Tablets
CT2980144875,619-Thunderbolt 27"" Widescreen LED Monitor   Silver,Computers,Computers & Tablets
CT2972569943,269-Pavilion 21.5Touch Screen All In,Computers,Computers & Tablets
CT2967618389,266-Desktop   Intel Core i7   8GB Memory,Computers,Computers & Tablets
CT2949031406,413-Edge 2 15.62 in 1 Touch,Computers,Computers & Tablets
CT2933842761,398-Surface Book 2 in 1 13.5Touch,Computers,Computers & Tablets
CT2911929875,401-MacBook Air® (Latest Model)   13.3"" Display   Intel Core i5,Computers,Computers & Tablets
CT2844253179,703-MFC 8950DW Wireless Black and,Computers,Computers & Tablets
CT2764867975,624-S2316M 23IPS LED HD Monitor   Black,Computers,Computers & Tablets
CT2699934403,612-H6 Series 23IPS LED HD Monitor   Black,Computers,Computers & Tablets
CT2668275292,251-Inspiron 19.5Portable Touch Screen All In,Computers,Computers & Tablets
CT2624354757,259-21.5Touch Screen All In,Computers,Computers & Tablets
CT2583625859,296-UltraSharp U2715H 27IPS LED HD Monitor   Black,Computers,Computers & Tablets
CT2550360943,256-Pavilion 23Touch Screen All In,Computers,Computers & Tablets
CT2483291503,408-Aspire R14 2 in 1 14Touch,Computers,Computers & Tablets
CT2473611135,618-23.6"" LED HD Monitor   Black,Computers,Computers & Tablets
CT2457288477,253-19.45All in One,Computers,Computers & Tablets
CT2433329599,263-Inspiron 23.8All In One,Computers,Computers & Tablets
CT2374731534,431-Inspiron 2 in 1 13.3Touch,Computers,Computers & Tablets
CT2324979199,284-Pavilion Desktop   Intel Pentium   4GB Memory,Computers,Computers & Tablets
CT2250546729,425-Inspiron 11.6Touch Screen Laptop   Intel Core i3,Computers,Computers & Tablets
CT1981953146,642-15.6"" Widescreen Flat Panel USB Powered Portable LED Monitor,Computers,Computers & Tablets
CT1829708603,399-Satellite Radius 14Touch Screen Laptop   Intel Core i3,Computers,Computers & Tablets
CT1761511706,426-Surface Book 2 in 1 13.5Touch,Computers,Computers & Tablets
CT1692407873,294-21.5"" LED HD Touch Screen Monitor   Black,Computers,Computers & Tablets
CT1679660667,260-21.5All In One,Computers,Computers & Tablets
CT1679214382,710-ENVY 5540 Wireless All In One Printer,Computers,Computers & Tablets
CT1599284069,629-20"" LED HD Monitor   Silver/Black,Computers,Computers & Tablets
CT1580291319,291-27"" Widescreen Flat Panel LED HD Monitor   Black,Computers,Computers & Tablets
CT1548810065,289-24IPS HD Monitor   Black,Computers,Computers & Tablets
CT1506314646,705-WorkForce Pro WP 4020 Wireless Printer   Black,Computers,Computers & Tablets
CT1332664751,273-SHIELD Pro   Black,Computers,Computers & Tablets
CT1284205182,707-LaserJet Pro m451dw Wireless Color Printer   Black/Gray,Computers,Computers & Tablets
CT1241712347,268-ENVY Desktop   Intel Core i7   16GB Memory,Computers,Computers & Tablets
CT1134695668,630-23IPS LED HD Monitor   Black,Computers,Computers & Tablets
CT1125491363,282-ENVY 23Touch Screen All In,Computers,Computers & Tablets
CT1066246726,623-23"" Widescreen Flat Panel IPS LED HD Monitor   Black,Computers,Computers & Tablets
CC9971058591,652-Coolpix S3700 20.1 Megapixel Digital Camera   Silver,Photography,Cameras & Camcorders
CC9860081425,673-DSC WX350 18.2 Megapixel Digital Camera,Photography,Cameras & Camcorders
CC9845531899,685-Coolpix P610 16.0 Megapixel Digital Camera   Black,Photography,Cameras & Camcorders
CC9844406705,784-EOS 70D DSLR Camera with EF S 18 135mm STM Lens Video Creator Kit,Photography,Cameras & Camcorders
CC9715390897,687-Snapcam Lite Wearable Camera   White,Photography,Cameras & Camcorders
CC9509253494,788-Bundle EOS Rebel T6i Wi Fi Digital SLR Camera & EF S 18,Photography,Cameras & Camcorders
CC9439113090,688-instax mini 8 Instant Film Camera   Black,Photography,Cameras & Camcorders
CC9239437801,668-PowerShot ELPH 350 HS 20.2 Megapixel Digital Camera   Black,Photography,Cameras & Camcorders
CC9154467280,666-Coolpix L32 20.1 Megapixel Digital Camera   Red,Photography,Cameras & Camcorders
CC8976958707,670-PowerShot SX710 HS 20.3 Megapixel Digital Camera   Black,Photography,Cameras & Camcorders
CC8933389122,689-DSC W800 20.1 Megapixel Digital Camera,Photography,Cameras & Camcorders
CC8848700253,681-Cyber shot HX90V 18.2 Megapixel Digital Camera,Photography,Cameras & Camcorders
CC8822623921,760-instax Mini 8 Instant Film Camera   Grape,Photography,Cameras & Camcorders
CC8803428575,674-Coolpix AW130 16.0 Megapixel Waterproof Digital Camera   Orange,Photography,Cameras & Camcorders
CC8739185399,651-instax mini 8 Instant Film Camera   Blue,Photography,Cameras & Camcorders
CC8737259113,683-Snapcam Wearable Camera,Photography,Cameras & Camcorders
CC8722046364,696-PowerShot ELPH 160 20.0 Megapixel Digital Camera   White,Photography,Cameras & Camcorders
CC8716688389,769-Coolpix L840 16.0 Megapixel Digital Camera   Plum,Photography,Cameras & Camcorders
CC8710720559,657-DSC W830 20.1 Megapixel Digital Camera,Photography,Cameras & Camcorders
CC8665148731,752-PowerShot ELPH 170 IS 20.0 Megapixel Digital Camera   Blue,Photography,Cameras & Camcorders
CC8534430282,664-Coolpix S9900 16.0 Megapixel Digital Camera   Black,Photography,Cameras & Camcorders
CC8439279703,789-D7100 DSLR Camera with 18 140mm VR Lens   Black,Photography,Cameras & Camcorders
CC8314934705,656-XP80 16.4 Megapixel Waterproof Digital Camera   Yellow,Photography,Cameras & Camcorders
CC8271824405,787-EOS Rebel T5i DSLR Camera with 18 135mm IS STM Lens   Black,Photography,Cameras & Camcorders
CC8239820060,654-instax Mini 8 Instant Film Camera   Raspberry,Photography,Cameras & Camcorders
CC8162109989,755-PowerShot ELPH 350 HS 20.2 Megapixel Digital Camera   Black,Photography,Cameras & Camcorders
CC8072932514,700-CX HD Action Camera   Onyx Black,Photography,Cameras & Camcorders
CC8065946590,756-PowerShot SX710 HS 20.3 Megapixel Digital Camera   Black,Photography,Cameras & Camcorders
CC7951716342,655-instax Mini 8 Instant Film Camera   Grape,Photography,Cameras & Camcorders
CC7921869039,671-TG 860 16.0 Megapixel Waterproof Digital Camera,Photography,Cameras & Camcorders
CC7870105494,762-instax mini 8 Instant Film Camera   White,Photography,Cameras & Camcorders
CC7844364524,778-D3200 DSLR Camera with 18 55mm VR Lens   Black,Photography,Cameras & Camcorders
CC7687084301,797-D5500 DSLR Camera (Body Only)   Red,Photography,Cameras & Camcorders
CC7369619018,781-D7200 DSLR Camera with 18 140mm Lens   Black,Photography,Cameras & Camcorders
CC7303230040,678-PowerShot SX710 HS 20.3 Megapixel Digital Camera   Red,Photography,Cameras & Camcorders
CC7268002225,779-Bundle Coolpix P530 Digital Camera,Photography,Cameras & Camcorders
CC7176521743,794-EOS Rebel SL1 Camera+EF S 18 55 IS STM Lens+32GB+Battery+Case+Flash+Tele/Wide Lenses+Tripod+Acc Kit,Photography,Cameras & Camcorders
CC7140990250,759-instax Mini 8 Instant Film Camera   Raspberry,Photography,Cameras & Camcorders
CC7133054377,754-PowerShot SX610 HS 20.2 Megapixel Digital Camera   Black,Photography,Cameras & Camcorders
CC7073627272,775-DSC WX350 18.2 Megapixel Digital Camera,Photography,Cameras & Camcorders
CC7045873606,667-Coolpix L840 16.0 Megapixel Digital Camera   Black,Photography,Cameras & Camcorders
CC6945435926,786-EOS Rebel T5i DSLR Camera with 18 55mm IS STM and 55 250mm IS II Lenses,Photography,Cameras & Camcorders
CC6882788958,691-PowerShot ELPH 170 IS 20.0 Megapixel Digital Camera   Silver,Photography,Cameras & Camcorders
CC6599009923,690-Cyber shot RX100 IV 20.1 Megapixel Digital Camera,Photography,Cameras & Camcorders
CC6489978534,662-PowerShot ELPH 170 IS 20.0 Megapixel Digital Camera   Blue,Photography,Cameras & Camcorders
CC6473735818,799-D3300 DSLR Camera with 18 55mm VR Lens   Gray,Photography,Cameras & Camcorders
CC6387514096,783-EOS 7D Mark II DSLR Camera (Body Only)   Black,Photography,Cameras & Camcorders
CC6138207396,663-PowerShot SX530 HS Digital Camera   Black,Photography,Cameras & Camcorders
CC6108934154,792-D5300 DSLR Camera with 18 55mm VR Lens   Gray,Photography,Cameras & Camcorders
CC6035416300,771-Coolpix AW130 16.0 Megapixel Waterproof Digital Camera   Orange,Photography,Cameras & Camcorders
CC5923567275,770-Coolpix P530 16.1 Megapixel Digital Camera   Black,Photography,Cameras & Camcorders
CC5923170653,680-DSC H300 20.1 Megapixel Digital Camera,Photography,Cameras & Camcorders
CC5858523321,757-instax mini 8 Instant Film Camera   Blue,Photography,Cameras & Camcorders
CC5808994511,697-PowerShot G9 X 20.2 Megapixel Digital Camera   Silver,Photography,Cameras & Camcorders
CC5752094118,658-PowerShot ELPH 160 20.0 Megapixel Digital Camera   Silver,Photography,Cameras & Camcorders
CC5566572886,753-PowerShot SX530 HS Digital Camera   Black,Photography,Cameras & Camcorders
CC5527987710,669-Coolpix L840 16.0 Megapixel Digital Camera   Plum,Photography,Cameras & Camcorders
CC5513570549,692-PowerShot SX60 HS 16.1 Megapixel Digital Camera   Black,Photography,Cameras & Camcorders
CC5502291466,772-TG 860 16.0 Megapixel Waterproof Digital Camera,Photography,Cameras & Camcorders
CC5485672718,672-Coolpix P530 16.1 Megapixel Digital Camera   Black,Photography,Cameras & Camcorders
CC5327083316,661-instax mini 8 Instant Film Camera   White,Photography,Cameras & Camcorders
CC5227883442,698-PowerShot G16 12.1 Megapixel Digital Camera   Black,Photography,Cameras & Camcorders
CC5152572967,653-instax mini 8 Instant Film Camera   Pink,Photography,Cameras & Camcorders
CC5006792423,773-Snap 10.0 Megapixel Digital Camera   White,Photography,Cameras & Camcorders
CC4856097575,758-instax mini 8 Instant Film Camera   Pink,Photography,Cameras & Camcorders
CC4802504502,780-D3300 DSLR Camera with 18 55mm VR Lens   Red,Photography,Cameras & Camcorders
CC4608203039,660-Coolpix S7000 16.0 Megapixel Digital Camera   Black,Photography,Cameras & Camcorders
CC4592623841,694-DSC HX400 20.4 Megapixel Digital Camera,Photography,Cameras & Camcorders
CC4586772433,659-Snap 10.0 Megapixel Digital Camera   White,Photography,Cameras & Camcorders
CC4360736434,682-TG 4 16.0 Megapixel Waterproof Digital Camera,Photography,Cameras & Camcorders
CC4264910273,796-D5300 DSLR Camera (Body Only)   Black,Photography,Cameras & Camcorders
CC4227575031,766-Coolpix S9900 16.0 Megapixel Digital Camera   Black,Photography,Cameras & Camcorders
CC4008907909,676-Galaxy 2 16.3 Megapixel Digital Camera   White,Photography,Cameras & Camcorders
CC3975850884,782-EOS Rebel T5i DSLR Camera (Body Only)   Black,Photography,Cameras & Camcorders
CC3906999308,774-DSC W830 20.1 Megapixel Digital Camera,Photography,Cameras & Camcorders
CC3646176464,767-Coolpix L32 20.1 Megapixel Digital Camera   Red,Photography,Cameras & Camcorders
CC3573284536,684-JX665 16.0 Megapixel Digital Camera   Indigo Blue,Photography,Cameras & Camcorders
CC3378000657,665-PowerShot SX610 HS 20.2 Megapixel Digital Camera   Black,Photography,Cameras & Camcorders
CC3330671109,761-XP80 16.4 Megapixel Waterproof Digital Camera   Yellow,Photography,Cameras & Camcorders
CC3210934434,765-Coolpix S7000 16.0 Megapixel Digital Camera   Black,Photography,Cameras & Camcorders
CC3182118746,686-DSCWX220 18.2 Megapixel Digital Camera   Black,Photography,Cameras & Camcorders
CC3149304413,776-EOS Rebel SL1 DSLR Camera with EF S 18 55mm f/3.5,Photography,Cameras & Camcorders
CC2874459457,790-EOS 5D Mark III DSLR Camera with 24 70mm f/4L IS Lens   Black,Photography,Cameras & Camcorders
CC2708662406,798-EOS Rebel T6i DSLR Camera (Body Only)   Black,Photography,Cameras & Camcorders
CC2569387243,800-D3200 DSLR Camera with 18 55mm VR II and 55 200mm VR II Lenses,Photography,Cameras & Camcorders
CC2390234995,768-Coolpix L840 16.0 Megapixel Digital Camera   Black,Photography,Cameras & Camcorders
CC2201893397,699-PowerShot SX410 20.0 Megapixel Digital Camera   Red,Photography,Cameras & Camcorders
CC2078747870,795-D610 DSLR Camera (Body Only)   Black,Photography,Cameras & Camcorders
CC2010064736,751-PowerShot ELPH 160 20.0 Megapixel Digital Camera   Silver,Photography,Cameras & Camcorders
CC1987028200,791-D5300 DSLR Camera with 18 55mm VR Lens   Red,Photography,Cameras & Camcorders
CC1969052412,785-EOS T6i DSLR Camera with EF S 18 55mm STM Lens Video Creator Kit,Photography,Cameras & Camcorders
CC1958910405,675-instax mini 8 Instant Film Camera   Yellow,Photography,Cameras & Camcorders
CC1947858475,763-instax mini 8 Instant Film Camera   Yellow,Photography,Cameras & Camcorders
CC1925096041,777-Bundle EOS Rebel T5i with EF S 18 55mm IS STM Kit,Photography,Cameras & Camcorders
CC1828821100,677-WB35F 16.2 Megapixel Digital Camera   White,Photography,Cameras & Camcorders
CC1635447560,764-Coolpix S3700 20.1 Megapixel Digital Camera   Silver,Photography,Cameras & Camcorders
CC1564037896,793-EOS Rebel T6i DSLR Camera with EF S 18 135mm IS STM Lens,Photography,Cameras & Camcorders
CC1558272152,693-Z2300W 10.0MP Digital Instant Print Camera   White,Photography,Cameras & Camcorders
CC1226853902,695-PowerShot G5 X 20.2 Megapixel Digital Camera   Black,Photography,Cameras & Camcorders
CC1033507912,679-PowerShot G7 X 20.2 Megapixel Digital Camera   Black,Photography,Cameras & Camcorders
CA9978195493,513-AF S NIKKOR 85mm f/1.8G Medium Telephoto Lens   Black,Photography,Camera Accessories
CA9910300178,508-AF S NIKKOR 50mm f/1.8G Standard Lens   Black,Photography,Camera Accessories
CA9908528953,529-EOS 7D Mark II DSLR Camera (Body Only)   Black,Photography,Camera Accessories
CA9861444060,544-EOS Rebel T6i DSLR Camera (Body Only)   Black,Photography,Camera Accessories
CA9818940954,545-D3300 DSLR Camera with 18 55mm VR Lens   Gray,Photography,Camera Accessories
CA9753394061,562-USB 2.0 Multiformat Memory Card Reader   Black,Photography,Camera Accessories
CA9752243988,500-EF 75–300mm f/4–5.6 III Telephoto Zoom Lens   Black,Photography,Camera Accessories
CA9580315475,554-AF S DX NIKKOR 10 24mm f/3.5,Photography,Camera Accessories
CA9574502918,520-FE 28mm f/2 E Mount Prime Lens   Black,Photography,Camera Accessories
CA9356307763,560-AF S NIKKOR 35mm f/1.8G ED Prime Lens for Select Nikon DSLR Cameras   Black,Photography,Camera Accessories
CA9355467830,603-Pixtor 64GB SDXC Class 10 UHS 1 Memory Card   Black/Red,Photography,Camera Accessories
CA9264787720,551-AF S NIKKOR 24 85mm f/3.5,Photography,Camera Accessories
CA9256283855,530-EOS 70D DSLR Camera with EF S 18 135mm STM Lens Video Creator Kit,Photography,Camera Accessories
CA9249228682,573-Ultra Plus 64GB microSDXC Class 10 UHS 1 Memory Card   Gray/Red,Photography,Camera Accessories
CA9182427664,607-Extreme Pro 32GB CF Memory Card   Black,Photography,Camera Accessories
CA9159343559,595-Pro Elite 32GB SDHC Class 10 Memory Card   Black,Photography,Camera Accessories
CA9130886219,563-USB 3.0 Multiformat Memory Card Reader   Black,Photography,Camera Accessories
CA9062982178,531-EOS T6i DSLR Camera with EF S 18 55mm STM Lens Video Creator Kit,Photography,Camera Accessories
CA9050029730,516-AF NIKKOR 50mm f/1.8D Standard Lens   Black,Photography,Camera Accessories
CA8988918546,581-Ultra 8GB microSDHC UHS I Class 10 Memory Card   Gray/Red,Photography,Camera Accessories
CA8608690167,507-EF 50mm f/1.2L USM Standard Lens   Black,Photography,Camera Accessories
CA8580975921,591-Ultra Plus 16GB microSDHC Class 10 Memory Card   Red/Gray,Photography,Camera Accessories
CA8504418977,540-EOS Rebel SL1 Camera+EF S 18 55 IS STM Lens+32GB+Battery+Case+Flash+Tele/Wide Lenses+Tripod+Acc Kit,Photography,Camera Accessories
CA8381119934,534-Bundle EOS Rebel T6i Wi Fi Digital SLR Camera & EF S 18,Photography,Camera Accessories
CA8368307640,580-Extreme PLUS 64GB SDXC Memory Card   Black/Gold,Photography,Camera Accessories
CA8226745804,558-Refurbished  55 300mm f/4.5,Photography,Camera Accessories
CA8122329091,587-Extreme PLUS 16GB High Definition Secure Digital High Capacity (SDHC) Memory Card   Black/Gold,Photography,Camera Accessories
CA8075263648,497-EF 50mm f/1.8 STM Standard Lens   Black,Photography,Camera Accessories
CA7984057695,525-Bundle Coolpix P530 Digital Camera,Photography,Camera Accessories
CA7878027930,594-Ultra Plus 128GB microSDXC Class 10 UHS 1 Memory Card   Black,Photography,Camera Accessories
CA7834310656,567-PRO+ 32GB microSDXC Class 10 UHS 1 Memory Card   Black/White,Photography,Camera Accessories
CA7727937462,528-EOS Rebel T5i DSLR Camera (Body Only)   Black,Photography,Camera Accessories
CA7718556223,604-128GB microSDHC Class 10 UHS I/U1 Memory Card   Multi,Photography,Camera Accessories
CA7605291039,548-AF S NIKKOR 70 200mm f/2.8G ED VR II Telephoto Zoom Lens,Photography,Camera Accessories
CA7603846548,523-Bundle EOS Rebel T5i with EF S 18 55mm IS STM Kit,Photography,Camera Accessories
CA7535449521,602-32GB microSDHC Class 10 UHS I/U3 Memory Card   Multi,Photography,Camera Accessories
CA7461071791,552-AF S DX NIKKOR 18 300mm f/3.5,Photography,Camera Accessories
CA7102049014,564-EVO+ 32GB microSDHC Class 10 UHS 1 Memory Card   Red/White,Photography,Camera Accessories
CA6913935583,610-Pixtor Advanced 64GB SDXC Class 10 UHS 3 Memory Card   Black/Gold,Photography,Camera Accessories
CA6824170955,578-Ultra Plus 16GB microSDHC Class 10 UHS 1 Memory Card   Gray/Red,Photography,Camera Accessories
CA6678025152,592-Extreme PLUS 16GB microSDHC UHS I Class U 1 Memory Card,Photography,Camera Accessories
CA6654645326,555-AF S DX Micro NIKKOR 40mm f/2.8G Macro Lens,Photography,Camera Accessories
CA6586313111,547-EF 100mm f/2.8L Macro IS USM Lens   Black,Photography,Camera Accessories
CA6417638482,598-Pixtor 16GB SDHC Class 10 Memory Card   Black/Red,Photography,Camera Accessories
CA6414996380,566-16GB microSD Class 10 UHS 1 Memory Card   Orange,Photography,Camera Accessories
CA6149062774,553-EF S 18 200mm f/3.5,Photography,Camera Accessories
CA5981376597,593-Pixtor 32GB SDHC Class 10 Memory Card   Black/Red,Photography,Camera Accessories
CA5857942852,503-EF 24 70mm f/2.8L II USM Standard Zoom Lens   Black,Photography,Camera Accessories
CA5770617104,571-Ultra Plus 32GB SDHC Class 10 UHS 1 Memory Card   Black/Gray/Red,Photography,Camera Accessories
CA5764393267,550-AF S NIKKOR 28 300mm f/3.5,Photography,Camera Accessories
CA5748984493,499-EF S 24mm f/2.8 STM Standard Lens for Canon APS C Cameras,Photography,Camera Accessories
CA5697672768,599-Ultra 16GB CF Memory Card   Black/Gray,Photography,Camera Accessories
CA5672749520,576-Extreme PLUS 64GB microSDXC UHS I Class U 1 Memory Card,Photography,Camera Accessories
CA5490556525,533-EOS Rebel T5i DSLR Camera with 18 135mm IS STM Lens   Black,Photography,Camera Accessories
CA5241807230,582-Ultra 8GB SDHC UHS I Class 10 Memory Card   Black/Gray/Red,Photography,Camera Accessories
CA5137591445,549-AF S NIKKOR 50mm f/1.4G Standard Lens   Black,Photography,Camera Accessories
CA5075308212,586-Extreme Pro 32GB SDHC Memory Card   Black/Red,Photography,Camera Accessories
CA5068857871,575-Ultra Plus 16GB SDHC Class 10 UHS 1 Memory Card   Black/Gray/Red,Photography,Camera Accessories
CA5060516698,585-Extreme 32GB CF Memory Card   Black/Gold,Photography,Camera Accessories
CA5025105601,515-AF S DX NIKKOR 55 200mm f/4.5,Photography,Camera Accessories
CA4948476935,524-D3200 DSLR Camera with 18 55mm VR Lens   Black,Photography,Camera Accessories
CA4860125238,543-D5500 DSLR Camera (Body Only)   Red,Photography,Camera Accessories
CA4678313366,505-EF 35mm f/2 IS USM Wide Angle Lens   Black,Photography,Camera Accessories
CA4661975987,511-AF S NIKKOR 200 500mm f/5.6E ED VR Super Telephoto Zoom Lens,Photography,Camera Accessories
CA4621734751,542-D5300 DSLR Camera (Body Only)   Black,Photography,Camera Accessories
CA4619047348,510-AF S DX NIKKOR 55 300mm f/4.5,Photography,Camera Accessories
CA4594792518,519-55 210mm f/4.5 6.3 E,Photography,Camera Accessories
CA4550007755,522-EOS Rebel SL1 DSLR Camera with EF S 18 55mm f/3.5,Photography,Camera Accessories
CA4472120280,501-EF 85mm f/1.8 USM Medium Telephoto Lens   Black,Photography,Camera Accessories
CA4425376664,572-16GB SDHC Memory Card   Blue,Photography,Camera Accessories
CA4419013345,606-Memory Card Wallet   Black,Photography,Camera Accessories
CA4338150983,569-PRO+ 64GB microSDXC Class 10 UHS 1 Memory Card   Black/White,Photography,Camera Accessories
CA4249627759,506-EF 70 200mm f/2.8L IS II USM Telephoto Zoom Lens   White,Photography,Camera Accessories
CA3972006309,502-EF S 10 18mm f/4.5,Photography,Camera Accessories
CA3886436516,532-EOS Rebel T5i DSLR Camera with 18 55mm IS STM and 55 250mm IS II Lenses,Photography,Camera Accessories
CA3842871513,577-Extreme PLUS 32GB SDHC UHS I Memory Card   Black,Photography,Camera Accessories
CA3834845261,498-EF S 55 250mm f/4,Photography,Camera Accessories
CA3792277320,565-EVO+ 64GB microSDHC Class 10 UHS 1 Memory Card   Red/White,Photography,Camera Accessories
CA3759763326,596-Pixtor 16GB microSDHC Class 10 Memory Card   Gray/Red,Photography,Camera Accessories
CA3721603220,590-Extreme 128GB SDXC UHS 1 Memory Card   Black,Photography,Camera Accessories
CA3439449537,608-Pixtor Advanced 64GB microSDXC Class 10 UHS 3 Memory Card   Red/Gold,Photography,Camera Accessories
CA3413680074,517-55 210mm f/4.5 6.3 Telephoto Lens for Most Sony Alpha E,Photography,Camera Accessories
CA3321126963,609-Fi   Mobi 16GB SDHC Memory Card   Orange,Photography,Camera Accessories
CA3271927729,526-D3300 DSLR Camera with 18 55mm VR Lens   Red,Photography,Camera Accessories
CA3228453494,605-Pixtor Advanced 32GB SDHC Class 10 UHS 3 Memory Card   Black/Gold,Photography,Camera Accessories
CA3188263445,527-D7200 DSLR Camera with 18 140mm Lens   Black,Photography,Camera Accessories
CA3185553315,574-Ultra Plus 64GB SDXC Class 10 UHS 1 Memory Card   Black/Gray/Red,Photography,Camera Accessories
CA3173662432,536-EOS 5D Mark III DSLR Camera with 24 70mm f/4L IS Lens   Black,Photography,Camera Accessories
CA3157596007,509-AF S DX NIKKOR 35mm f/1.8G Standard Lens   Black,Photography,Camera Accessories
CA2937240087,583-Ultra 128GB microSDXC Class 10 Memory Card   Gray/Red,Photography,Camera Accessories
CA2877481665,538-D5300 DSLR Camera with 18 55mm VR Lens   Gray,Photography,Camera Accessories
CA2803466682,584-Ultra Plus 32GB microSDHC Class 10 Memory Card   Red/Gray,Photography,Camera Accessories
CA2649087338,514-AF S VR Zoom Nikkor 70,Photography,Camera Accessories
CA2588286575,518-50mm f/1.8 OSS Prime Lens for Select Sony Alpha E mount Cameras   Black,Photography,Camera Accessories
CA2565787811,579-Extreme PLUS 32GB microSDHC UHS I Class U 1 Memory Card,Photography,Camera Accessories
CA2531163025,589-Ultra Plus 64GB microSDXC Class 10 UHS 1 Memory Card   Red/Gray,Photography,Camera Accessories
CA2461819870,561-USB 2.0 SD/MMC Memory Card Reader   Black,Photography,Camera Accessories
CA2278068649,588-Extreme Pro 64GB SDXC UHS I Memory Card   Black/Red,Photography,Camera Accessories
CA2272685680,601-Pixtor 64GB microSDXC Class 10 Memory Card   Gray/Red,Photography,Camera Accessories
CA2146663842,504-EF 50mm f/1.4 USM Standard Lens   Black,Photography,Camera Accessories
CA2106942174,521-35mm f/1.8 Prime Lens for Most NEX E Mount Cameras   Black,Photography,Camera Accessories
CA2004146305,570-Ultra Plus 32GB microSDHC Class 10 UHS 1 Memory Card   Gray/Red,Photography,Camera Accessories
CA1999636320,600-Extreme 64GB CF Memory Card   Black/Gold,Photography,Camera Accessories
CA1948828607,568-EVO+ 128GB microSDHC Class 10 UHS 1 Memory Card   Red/White,Photography,Camera Accessories
CA1784158807,559-EF 50mm f/1.8 II Standard Lens   Black,Photography,Camera Accessories
CA1732531689,512-AF S DX NIKKOR 18 140mm f/3.5,Photography,Camera Accessories
CA1470342426,535-D7100 DSLR Camera with 18 140mm VR Lens   Black,Photography,Camera Accessories
CA1318220856,546-D3200 DSLR Camera with 18 55mm VR II and 55 200mm VR II Lenses,Photography,Camera Accessories
CA1311120862,597-Pixtor 32GB microSDHC Class 10 Memory Card   Gray/Red,Photography,Camera Accessories
CA1276881667,539-EOS Rebel T6i DSLR Camera with EF S 18 135mm IS STM Lens,Photography,Camera Accessories
CA1250799519,557-EF 17 40mm f/4L USM Ultra Wide Zoom Lens,Photography,Camera Accessories
CA1194559113,537-D5300 DSLR Camera with 18 55mm VR Lens   Red,Photography,Camera Accessories
CA1170101193,556-Sonnar T FE 55mm f/1.8 ZA Lens for Most Sony a7 Series Cameras   Black,Photography,Camera Accessories
CA1020535311,541-D610 DSLR Camera (Body Only)   Black,Photography,Camera Accessories
AU9988507615,63-Screen Protector for Apple® iPod® touch 5th Generation   Clear,Music,Audio
AU9946725044,94-3' USB to Micro USB Cable,Music,Audio
AU9908703792,68-KaZoo Case for 5th Generation Apple® iPod® touch   Black,Music,Audio
AU9738436629,76-4' Twist Lightning Charge and Sync Cable,Music,Audio
AU9631661714,325-Uproar On Ear Headphones   Black,Music,Audio
AU9630063456,67-BluJax 3.5mm Bluetooth Adapter   Black,Music,Audio
AU9568142807,74-5' 3.5mm Audio Cable   Black/Red,Music,Audio
AU9548435450,193-Neutron Wireless Suction Speaker   Gray,Music,Audio
AU9428187151,331-Powerbeats² Wireless Headphones   Black,Music,Audio
AU9405996786,185-Bluetooth Audio Transmitter   White,Music,Audio
AU9390292554,179-PLAY:1 2 Room Wireless Speaker Starter Set (Pair)   Black,Music,Audio
AU9381291586,188-SoundLink® Color Bluetooth Speaker   Blue,Music,Audio
AU9365792821,312-Ink'd 2 Earbud Headphones   Black,Music,Audio
AU9364988842,73-JamKast FM Transmitter for Select Apple® iPod® and iPhone® Models   Black,Music,Audio
AU9317867347,156-4GB* Wearable Sports MP3 Player   Black,Music,Audio
AU9208921406,297-EarPods™ with Remote and Mic   White,Music,Audio
AU9152842614,170-SoundDock® Series III Digital Music System   Black,Music,Audio
AU9129555081,340-On Ear Headphones   Black,Music,Audio
AU8915126556,161-EaseFit Plus Armband for Apple® iPhone® 5   Black,Music,Audio
AU8898186271,194-Charge 2+ Portable Wireless Stereo Speaker   Black,Music,Audio
AU8770752639,81-4GB* Wearable Sports MP3 Player   Black,Music,Audio
AU8769602453,342-Gumy Earbud Headphones   White,Music,Audio
AU8708113738,301-Bluetooth Headphones   Gray,Music,Audio
AU8699848099,190-Mini Life Jacket Bluetooth Speaker   Blue,Music,Audio
AU8667499201,323-Fix Earbud Headphones   Black/Chrome,Music,Audio
AU8617906372,163-CallJax 3.5mm Audio Cable   Black,Music,Audio
AU8529598590,84-420W Portable Party Speaker System with Apple® iPod® and iPhone® Dock   Black,Music,Audio
AU8383806579,307-Sport Clip On Earbud Headphones   Black,Music,Audio
AU8357848313,56-Survivor Case for 5th Generation Apple® iPod® touch   Black/Blue,Music,Audio
AU8313629862,154-Character Support Stand for Pill Speakers   Pink,Music,Audio
AU8259168716,69-InvisibleSHIELD HD for 5th Generation Apple® iPod® touch   Clear,Music,Audio
AU8220154836,300-3' 3.5mm Stereo Auxiliary Cable   White,Music,Audio
AU8214074018,315-ZX Series On Ear Headphones   Black,Music,Audio
AU8118366287,182-Portable Bluetooth Stereo Speaker   Black,Music,Audio
AU8085320490,335-Gumy Earbud Headphones   Black,Music,Audio
AU8012592728,299-Flat Aux Stereo Audio Cable   Black,Music,Audio
AU8001591363,82-BluStream Bluetooth Factory Radio Module   Black,Music,Audio
AU7856265071,178-iStream Universal Bluetooth Audio Receiver   Black,Music,Audio
AU7730183668,181-Pill 2.0 Portable Bluetooth Speaker   Black,Music,Audio
AU7718986623,65-Survivor Slim Case for Apple® iPod® touch 5th Generation   Turquoise/Lemon,Music,Audio
AU7619949561,346-Survivor AUX 4' Auxiliary Audio Cable   Blue,Music,Audio
AU7461584699,336-EX Series Earbud Headphones   Black,Music,Audio
AU7364247562,305-3' 3.5mm Audio Cable   Black,Music,Audio
AU7358297212,158-Stanmore Bluetooth Speaker   Black,Music,Audio
AU7262139821,166-Classic Portable Bluetooth Wireless Speaker   Blueberry,Music,Audio
AU7247574737,90-SoundLink® Mini Bluetooth Speaker Soft Cover   Gray,Music,Audio
AU7158935337,88-CallJax 3.5mm Audio Cable   Black,Music,Audio
AU7125816116,75-Survivor Case for 5th Generation Apple® iPod® touch   Black,Music,Audio
AU7060405363,157-BluStream Bluetooth Factory Radio Module   Black,Music,Audio
AU7017566791,174-2 in 1 Case for Apple® iPod® nano 7th Generation,Music,Audio
AU6998449524,199-Pill 2.0 Portable Bluetooth Speaker   White,Music,Audio
AU6996145573,200-Hangtime Wireless Bluetooth Speaker   Black,Music,Audio
AU6985833751,341-Transit Mini Wireless Earbud Headphones   Gray,Music,Audio
AU6921948961,155-Boost Up 2 Port Swivel Charger and Outlet   White,Music,Audio
AU6873105314,316-Wireless FM Over the Ear Headphones,Music,Audio
AU6862108473,324-QuietComfort® 25 Acoustic Noise Cancelling™ Headphones (iOS)   Triple Black,Music,Audio
AU6669297627,58-4' Twist Lightning Charge and Sync Cable,Music,Audio
AU6510262449,304-Over the Ear Wireless Headphones,Music,Audio
AU6475403505,98-Survivor Slim Case for 5th Generation Apple® iPod® touch   Black,Music,Audio
AU6427398419,329-Earbud Headphones   Black,Music,Audio
AU6419550314,345-Step Wireless Earbud Headphones   Black,Music,Audio
AU6383529412,328-Ink'd 2 Earbud Headphones   Blue/Black,Music,Audio
AU6381889692,85-Survivor Case for 5th Generation Apple® iPod® touch   Pink/White,Music,Audio
AU6359167765,54-Protector Case for 5th Generation Apple® iPod® touch   Black,Music,Audio
AU6325065762,86-EaseFit Plus Armband for Apple® iPhone® 5   Black,Music,Audio
AU6285433668,159-420W Portable Party Speaker System with Apple® iPod® and iPhone® Dock   Black,Music,Audio
AU6261539963,168-Courier Clip Case for Apple® iPod® nano 7th Generation   Black,Music,Audio
AU6188325811,70-freqOUT pro FM Transmitter   Black,Music,Audio
AU6133663640,344-EX Series Earbud Headphones   Blue,Music,Audio
AU6124471627,332-Smokin' Buds 2 Earbud Headphones   Black/Red/Orange,Music,Audio
AU5913007464,334-urBeats Earbud Headphones   Black,Music,Audio
AU5819806160,298-Powerbeats2 Wireless Earbud Headphones   Black/Red,Music,Audio
AU5818456579,167-Survivor Case for Apple® iPod® touch 5th Generation   Purple/Zebra,Music,Audio
AU5763866547,173-Survivor Slim Case for 5th Generation Apple® iPod® touch   Black,Music,Audio
AU5749740600,192-SoundLink® Color Bluetooth Speaker   Red,Music,Audio
AU5536584353,175-flatOUT 3' Auxiliary Audio Cable   Black,Music,Audio
AU5171775582,191-Beats Pill+ Speaker   Black,Music,Audio
AU5156485880,93-Courier Clip Case for Apple® iPod® nano 7th Generation   Black,Music,Audio
AU5139515055,187-Plus Wireless Speaker   Dark Blue,Music,Audio
AU5099854196,52-Plus Portable Bluetooth Speaker   Gray,Music,Audio
AU4873968187,95-SoundDock® Series III Digital Music System   Black,Music,Audio
AU4809636000,189-SoundLink® Color Bluetooth Speaker   Mint,Music,Audio
AU4789980313,71-Character Support Stand for Pill Speakers   Blue,Music,Audio
AU4713463751,96-PowerBlock Micro Wall Charger for Select Apple® Devices   White,Music,Audio
AU4689840609,77-3' 3.5mm Audio Cable   Green,Music,Audio
AU4643407806,57-4' Micro USB Charge and Sync Cable,Music,Audio
AU4454128101,326-6' Flat Auxiliary Stereo Audio Cable   Black,Music,Audio
AU4439036287,195-Pill 2.0 Portable Bluetooth Speaker   Red,Music,Audio
AU4378281522,80-Boost Up 2 Port Swivel Charger and Outlet   White,Music,Audio
AU4377882214,151-4' Twist Lightning Charge and Sync Cable,Music,Audio
AU4375750271,64-Trainer Armband for 7th Generation Apple® iPod® nano   Black,Music,Audio
AU4354323078,197-Mini Life Jacket Bluetooth Speaker   Red,Music,Audio
AU4351617381,91-Classic Portable Bluetooth Wireless Speaker   Blueberry,Music,Audio
AU4305167904,51-Case for Apple® iPod® touch 5th and 6th Generation   Clear,Music,Audio
AU4224050006,153-BOOM Wireless Bluetooth Speaker   Black,Music,Audio
AU4177329962,152-3' 3.5mm Audio Cable   Green,Music,Audio
AU4045937571,53-Apple MFi Certified 15W Vehicle Charger with 30 Pin Cable and USB Port   Black,Music,Audio
AU3980818202,319-EX Earbud Headphones   White,Music,Audio
AU3914937425,306-Gummy Plus In Ear Headphones   Black,Music,Audio
AU3843990561,303-3' 3.5mm Audio Cable   White,Music,Audio
AU3804222826,66-Plus Portable Bluetooth Speaker   Pink,Music,Audio
AU3784789145,330-X2 Wireless Earbud Headphones   Midnight,Music,Audio
AU3782792930,184-SoundLink® Mini Bluetooth Speaker II   Pearl,Music,Audio
AU3726740474,337-Ink'd 2 Earbud Headphones   Black/Mint,Music,Audio
AU3718595762,311-Tone Pro Bluetooth Headset   Blue,Music,Audio
AU3701900942,160-Survivor Case for 5th Generation Apple® iPod® touch   Pink/White,Music,Audio
AU3665356685,78-BOOM Wireless Bluetooth Speaker   Black,Music,Audio
AU3573133240,183-SoundLink® Portable Bluetooth Speaker III   Silver/Black,Music,Audio
AU3531292937,309-Tone Pro Bluetooth Headset   Black,Music,Audio
AU3442119726,171-PowerBlock Micro Wall Charger for Select Apple® Devices   White,Music,Audio
AU3270554258,165-SoundLink® Mini Bluetooth Speaker Soft Cover   Gray,Music,Audio
AU3224005044,321-Earbud Headphones   Black,Music,Audio
AU3223789783,92-Survivor Case for Apple® iPod® touch 5th Generation   Purple/Zebra,Music,Audio
AU3140865826,318-Noise Canceling Over the,Music,Audio
AU2994503401,164-Call Jax Plus 3.5mm Audio Cable   Black,Music,Audio
AU2989419212,180-Chromecast Audio   Black,Music,Audio
AU2878977250,320-ZX Series On Ear Headphones   White,Music,Audio
AU2842856939,339-SoundLink® Around Ear Wireless Headphones II   Black,Music,Audio
AU2616821500,162-Bullfrogz Case for Apple® iPod® touch 5th Generation   Black/Green,Music,Audio
AU2476215232,198-Portable Bluetooth Stereo Speaker   Blue,Music,Audio
AU2468164348,343-EX Series Earbud Headphones   Violet,Music,Audio
AU2449331303,308-Tone Infinim Wireless Earbud Headphones   Metallic Silver,Music,Audio
AU2399604101,317-EX Series Earbud Headphones   White,Music,Audio
AU2394336553,79-Character Support Stand for Pill Speakers   Pink,Music,Audio
AU2389006686,333-Step Up EX Series Earbud Headphones   Black,Music,Audio
AU2274092936,314-EX Series Earbud Headphones   Black,Music,Audio
AU2260918438,313-Ink'd 2 Earbud Headphones   Red/Black,Music,Audio
AU2201153837,186-Flip 3 Portable Bluetooth Speaker   Black,Music,Audio
AU2177510244,322-Gumy Plus Earbud Headphones   Black,Music,Audio
AU2134055630,99-2 in 1 Case for Apple® iPod® nano 7th Generation,Music,Audio
AU2127114291,176-SoundLink® Mini Bluetooth Speaker II   Carbon,Music,Audio
AU2109848570,89-Call Jax Plus 3.5mm Audio Cable   Black,Music,Audio
AU2042435303,310-Tone Ultra Bluetooth Stereo Headset   Black,Music,Audio
AU1982871762,62-FM Direct Adapter   Black,Music,Audio
AU1969153988,172-CD Boombox with FM Radio and Apple® iPhone® and iPod® Dock   Black/Gray,Music,Audio
AU1927665291,177-SoundLink® Color Bluetooth Speaker   Black,Music,Audio
AU1893762919,55-Defender Carrying Case for iPod   Punked,Music,Audio
AU1834270411,59-3' 3.5mm Audio Cable   Purple,Music,Audio
AU1829789662,100-flatOUT 3' Auxiliary Audio Cable   Black,Music,Audio
AU1786012460,338-4.5' 3.5mm Audio Cable   Red,Music,Audio
AU1783438430,61-Apple MFi Certified 4' Touch On LED Lightning Charge and Sync Cable,Music,Audio
AU1742747320,302-Earbud Headphones   White,Music,Audio
AU1708646498,169-3' USB to Micro USB Cable,Music,Audio
AU1653395705,87-Bullfrogz Case for Apple® iPod® touch 5th Generation   Black/Green,Music,Audio
AU1574406148,72-Blustream Bluetooth FM Modulator   Black,Music,Audio
AU1293932906,97-CD Boombox with FM Radio and Apple® iPhone® and iPod® Dock   Black/Gray,Music,Audio
AU1270231225,60-SoundLink® Mini Bluetooth Speaker Travel Bag   Black,Music,Audio
AU1116361482,327-20' Headphone Extension Cable and Adapter Kit   Black,Music,Audio
AU1092463514,196-Clip+ Portable Bluetooth Speaker   Black,Music,Audio
CT9924459865,403-Inspiron 14"" Laptop   Intel Celeron   2GB Memory,Computers,Computers & Tablets
TV4532511185,212-48"" Class (47.6"" Diag.)   LED   Curved,Entertainment,TV & Home Theater
TV4413587822,468-32"" Class (31.5"" Diag.)   LED   1080p,Entertainment,TV & Home Theater
TV4392455970,494-49"" Class (48.5"" Diag.)   LED   1080p,Entertainment,TV & Home Theater
TV4324357364,814-24"" Class (23 5/8"" Diag.)   LED,Entertainment,TV & Home Theater
TV4323273355,487-32"" Class (31.5"" Diag.)   LED   720p,Entertainment,TV & Home Theater
TV4038053384,810-65"" Class (64.5"" Diag.)   LED   Curved,Entertainment,TV & Home Theater
TV4034485237,804-55"" Class (54.6"" Diag.)   LED   2160p,Entertainment,TV & Home Theater
TV4016806727,844-65"" Class (64.5"" Diag.)   LED Curved   2160p,Entertainment,TV & Home Theater
TV3980391734,827-55"" Class (54.6"" Diag.)   LED   Curved,Entertainment,TV & Home Theater
TV3835242427,823-E Series 55"" Class (54.6"" Diag.)   LED,Entertainment,TV & Home Theater
TV3834400120,218-65"" Class (64 1/2"" Diag.)   LED,Entertainment,TV & Home Theater
TV3725365614,831-75"" Class (74.5"" Diag.)   LED   2160p,Entertainment,TV & Home Theater
TV3661358579,238-50"" Class (49.5"" Diag.)   LED   1080p,Entertainment,TV & Home Theater
TV3612192428,830-AQUOS   55"" Class (54.6"" Diag.)   LED,Entertainment,TV & Home Theater
TV3605006014,842-49"" Class (48.5"" Diag.)   LED   2160p,Entertainment,TV & Home Theater
TV3540424075,214-88"" Class (88"" Diag.)   LED   Curved,Entertainment,TV & Home Theater
TV3509574653,480-43"" Class (42.6"" Diag.)   LED   1080p,Entertainment,TV & Home Theater
TV3496618455,216-78"" Class (78"" Diag.)   LED   Curved,Entertainment,TV & Home Theater
TV3449485060,233-43"" Class (42.5"" Diag.)   LED   2160p,Entertainment,TV & Home Theater
TV3379423808,491-24"" Class (23.6"" Diag.)   LED   720p,Entertainment,TV & Home Theater
TV3114891214,818-55"" Class (54.6"" Diag.)   LED   1080p,Entertainment,TV & Home Theater
TV2965351606,206-55"" Class (54.6"" Diag.)   LED   Curved,Entertainment,TV & Home Theater
TV2867816788,243-55"" Class (54.6"" Diag.)   LED   2160p,Entertainment,TV & Home Theater
TV2806115309,473-32"" Class (31.5"" Diag.)   LED   1080p,Entertainment,TV & Home Theater
TV2732544947,835-55"" Class (54.6"" Diag.)   LED   2160p,Entertainment,TV & Home Theater
TV2696767864,813-55"" Class (54.6"" Diag.)   LED   2160p,Entertainment,TV & Home Theater
TV2621985493,848-55"" Class (54 1/2"" Diag.)   LED,Entertainment,TV & Home Theater
TV2514728097,472-24"" Class (23.8"" Diag.)   LED   1080p,Entertainment,TV & Home Theater
TV2484678388,845-M Series   65"" Class (65"" Diag.),Entertainment,TV & Home Theater
TV2458544377,481-40"" Class (39.5"" Diag.)   LED   1080p,Entertainment,TV & Home Theater
TV2383922869,850-60"" Class (59.5"" Diag.)   LED   2160p,Entertainment,TV & Home Theater
TV2317141001,202-65"" Class (64.5"" Diag.)   OLED   Curved,Entertainment,TV & Home Theater
TV2252664294,234-AQUOS   55"" Class (54.6"" Diag.)   LED,Entertainment,TV & Home Theater
TV2230676388,847-55"" Class (54.6"" Diag.)   OLED   2160p,Entertainment,TV & Home Theater
TV1969950738,231-AQUOS   55"" Class (54.6"" Diag.)   LED,Entertainment,TV & Home Theater
TV1878188327,245-AQUOS   70"" Class (69.5"" Diag.)   LED,Entertainment,TV & Home Theater
TV1731301206,808-48"" Class (47.6"" Diag.)   LED   1080p,Entertainment,TV & Home Theater
TV1723840296,482-55"" Class (54.6"" Diag.)   LED   Curved,Entertainment,TV & Home Theater
TV1632225426,479-AQUOS   50"" Class (49.6"" Diag.)   LED,Entertainment,TV & Home Theater
TV1590079937,846-55"" Class (54.6"" Diag.)   OLED   Curved,Entertainment,TV & Home Theater
TV1563248967,230-50"" Class (49.5 Diag.)   LED   1080p,Entertainment,TV & Home Theater
TV1474443600,801-32"" Class (31.5"" Diag.)   LED   1080p,Entertainment,TV & Home Theater
TV1405524335,229-65"" Class (64.5"" Diag.)   2160p   Smart,Entertainment,TV & Home Theater
TV1359270601,836-M Series   49"" Class (48.5"" Diag.),Entertainment,TV & Home Theater
TV1293282224,812-32"" Class (31.5"" Diag.)   LED   1080p,Entertainment,TV & Home Theater
TV1227978753,809-28"" Class (27 1/2"" Diag.)   LED,Entertainment,TV & Home Theater
TV1204358087,215-88"" Class (88"" Diag.)   LED   Curved,Entertainment,TV & Home Theater
TV1172035891,832-AQUOS   43"" Class (42.5"" Diag.)   LED,Entertainment,TV & Home Theater
TV1133492957,244-M Series   49"" Class (48.5"" Diag.),Entertainment,TV & Home Theater
TV1129538538,821-65"" Class (64.5"" Diag.)   LED   2160p,Entertainment,TV & Home Theater
TV1121089964,477-65"" Class (64.5"" Diag.)   LED   2160p,Entertainment,TV & Home Theater
TV1037508619,219-55"" Class (54 5/8"" Diag.)   LED,Entertainment,TV & Home Theater
TV1002734565,493-E Series 50"" Class (49.5"" Diag.)   LED,Entertainment,TV & Home Theater
SP9917636382,124-iPhone 6s 128GB   Space Gray (AT&T),Mobiles,Smart Phones
SP9911065516,970-iPhone 6 Plus 16GB   Silver (Verizon Wireless),Mobiles,Smart Phones
SP9874015963,960-iPhone 6s Plus 16GB   Gold (Verizon Wireless),Mobiles,Smart Phones
SP9863432800,920-iPhone 6s 16GB   Rose Gold (Verizon Wireless),Mobiles,Smart Phones
SP9748854615,104-Galaxy Note5 4G LTE with 32GB Memory Cell Phone   White Pearl (AT&T),Mobiles,Smart Phones
SP9666779436,979-Xperia Z3V 4G LTE Cell Phone   Black (Verizon Wireless),Mobiles,Smart Phones
SP9621683383,948-iPhone 6s 16GB   Silver (Verizon Wireless),Mobiles,Smart Phones
SP9578322409,965-iPhone 6s Plus 128GB   Rose Gold (Verizon Wireless),Mobiles,Smart Phones
SP9553616168,860-Galaxy Note5 4G LTE with 32GB Memory Cell Phone   Gold (Sprint),Mobiles,Smart Phones
SP9550878860,976-G4 Cell Phone   Deep Blue (Verizon Wireless),Mobiles,Smart Phones
SP9544583360,974-iPhone 6s 128GB   Silver (Verizon Wireless),Mobiles,Smart Phones
SP9418830286,135-Galaxy S6 Active 4G with 32GB Memory Cell Phone   Camo Blue (AT&T),Mobiles,Smart Phones
SP9305472454,978-iPhone 6 Plus 64GB   Gold (Verizon Wireless),Mobiles,Smart Phones
SP9264018955,881-Galaxy S6 with 64GB Memory Cell Phone   White Pearl (Sprint),Mobiles,Smart Phones
SP9203818329,869-Galaxy S6 with 32GB Memory Cell Phone   White Pearl (Sprint),Mobiles,Smart Phones
SP9024220623,896-Galaxy S6 edge with 64GB Memory Cell Phone   White (Sprint),Mobiles,Smart Phones
SP8978028800,888-Galaxy S6 with 64GB Memory Cell Phone   Black Sapphire (Sprint),Mobiles,Smart Phones
SP8953752975,908-iPhone 6 64GB   Silver (Sprint),Mobiles,Smart Phones
SP8950607689,874-iPhone 6s Plus 16GB   Silver (Sprint),Mobiles,Smart Phones
SP8872260279,851-iPhone 6 16GB   Space Gray (Sprint),Mobiles,Smart Phones
SP8736616313,968-iPhone 6s Plus 16GB   Silver (Verizon Wireless),Mobiles,Smart Phones
SP8659273938,110-iPhone 6s 64GB   Silver (AT&T),Mobiles,Smart Phones
SP8627593921,854-iPhone 6s 64GB   Rose Gold (Sprint),Mobiles,Smart Phones
SP8578824144,954-iPhone 6s Plus 16GB   Space Gray (Verizon Wireless),Mobiles,Smart Phones
SP8506336489,929-Galaxy Note5 4G LTE with 64GB Memory Cell Phone   Black Sapphire (Verizon Wireless),Mobiles,Smart Phones
SP8444213786,899-Desire 510 Cell Phone   Deep Navy Blue (Sprint),Mobiles,Smart Phones
SP8379591651,114-Gear S Smartwatch 40mm Chrome AT&T   Black Urethane,Mobiles,Smart Phones
SP8354061000,947-iPhone 6s Plus 64GB   Gold (Verizon Wireless),Mobiles,Smart Phones
SP8322117139,133-Galaxy S6 edge+ 4G LTE with 32GB Memory Cell Phone   Black Sapphire (AT&T),Mobiles,Smart Phones
SP8259931406,969-iPhone 6s Plus 128GB   Gold (Verizon Wireless),Mobiles,Smart Phones
SP8123807422,909-iPhone 6s 128GB   Gold (Sprint),Mobiles,Smart Phones
SP8091951673,873-iPhone 6 Plus 64GB   Space Gray (Sprint),Mobiles,Smart Phones
SP8069907735,867-iPhone 6s 64GB   Gold (Sprint),Mobiles,Smart Phones
SP8035686254,856-iPhone 6 16GB   Silver (Sprint),Mobiles,Smart Phones
SP7987322538,149-Galaxy S6 edge+ 4G LTE with 64GB Memory Cell Phone   Black Sapphire (AT&T),Mobiles,Smart Phones
SP7977917639,118-iPhone 6s 16GB   Gold (AT&T),Mobiles,Smart Phones
SP7817356799,938-iPhone 6s 16GB   Rose Gold (Verizon Wireless),Mobiles,Smart Phones
SP7809497717,955-V10 4G with 64GB Memory Cell Phone   Black (Verizon Wireless),Mobiles,Smart Phones
SP7795955758,886-iPhone 6 Plus 16GB   Gold (Sprint),Mobiles,Smart Phones
SP7767938264,109-iPhone 6s 16GB   Rose Gold (AT&T),Mobiles,Smart Phones
SP7737411433,892-iPhone 6 16GB   Space Gray (T Mobile),Mobiles,Smart Phones
SP7522657620,923-iPhone 6 16GB   Silver (Verizon Wireless),Mobiles,Smart Phones
SP7484661733,137-G4 4G with 32GB Memory Cell Phone   Black Titanium (AT&T),Mobiles,Smart Phones
SP7426507907,910-iPhone 6s 128GB   Silver (Sprint),Mobiles,Smart Phones
SP7407978468,963-Galaxy S6 edge+ 4G LTE with 64GB Memory Cell Phone   Black Sapphire (Verizon Wireless),Mobiles,Smart Phones
SP7372170411,964-Galaxy S6 4G LTE with 64GB Memory Cell Phone   Black Sapphire (Verizon Wireless),Mobiles,Smart Phones
SP7228920029,141-iPhone 6 Plus 16GB   Space Gray (AT&T),Mobiles,Smart Phones
SP7209706328,128-iPhone 6s Plus 16GB   Gold (AT&T),Mobiles,Smart Phones
SP7202863201,878-iPhone 6 64GB   Gold (Sprint),Mobiles,Smart Phones
SP7192326356,913-Galaxy S6 edge with 64GB Memory Cell Phone   Gold (Sprint),Mobiles,Smart Phones
SP7080128643,916-iPhone 6 16GB   Space Gray (Verizon Wireless),Mobiles,Smart Phones
SP7060991893,904-Galaxy S6 edge with 64GB Memory Cell Phone   Black Sapphire (Sprint),Mobiles,Smart Phones
SP7021578369,936-iPhone 6s 64GB   Rose Gold (Verizon Wireless),Mobiles,Smart Phones
SP7002931833,956-iPhone 6s 128GB   Space Gray (Verizon Wireless),Mobiles,Smart Phones
SP6926206238,117-iPhone 6s Plus 16GB   Rose Gold (AT&T),Mobiles,Smart Phones
SP6901957431,925-iPhone 6s 64GB   Gold (Verizon Wireless),Mobiles,Smart Phones
SP6886826733,940-iPhone 6s Plus 64GB   Rose Gold (Verizon Wireless),Mobiles,Smart Phones
SP6868105353,919-iPhone 6s 16GB   Space Gray (Verizon Wireless),Mobiles,Smart Phones
SP6848194397,863-Galaxy Note5 4G LTE with 64GB Memory Cell Phone   Black Sapphire (Sprint),Mobiles,Smart Phones
SP6779062343,903-iPhone 6s Plus 128GB   Gold (Sprint),Mobiles,Smart Phones
SP6691918167,146-iPhone 6s 128GB   Gold (AT&T),Mobiles,Smart Phones
SP6678861113,872-Galaxy S6 edge+ 4G LTE with 32GB Memory Cell Phone   Black Sapphire (Sprint),Mobiles,Smart Phones
SP6676536023,973-iPhone 6s Plus 128GB   Space Gray (Verizon Wireless),Mobiles,Smart Phones
SP6675377252,884-G Flex 2 with 32GB Memory Cell Phone   Red (Sprint),Mobiles,Smart Phones
SP6649620471,971-DROID Maxx 2 4G LTE with 16GB Memory Cell Phone   Black/Deep Sea Blue (Verizon Wireless),Mobiles,Smart Phones
SP6639811599,853-iPhone 6s 16GB   Space Gray (Sprint),Mobiles,Smart Phones
SP6587125807,902-Galaxy S6 edge+ 4G LTE with 64GB Memory Cell Phone   Black Sapphire (Sprint),Mobiles,Smart Phones
SP6556556998,897-iPhone 6 Plus 64GB   Gold (Sprint),Mobiles,Smart Phones
SP6518382100,120-Galaxy S6 edge+ 4G LTE with 32GB Memory Cell Phone   Gold Platinum (AT&T),Mobiles,Smart Phones
SP6471084270,894-iPhone 6s Plus 128GB   Space Gray (Sprint),Mobiles,Smart Phones
SP6411802536,129-V10 4G with 64GB Memory Cell Phone   Black (AT&T),Mobiles,Smart Phones
SP6359666575,127-Galaxy S6 edge 4G with 32GB Memory Cell Phone   Gold Platinum (AT&T),Mobiles,Smart Phones
SP6358224893,864-Galaxy S6 with 32GB Memory Cell Phone   Gold (Sprint),Mobiles,Smart Phones
SP6349334679,150-Galaxy S6 4G with 64GB Memory Cell Phone   White Pearl (AT&T),Mobiles,Smart Phones
SP6196684399,952-Galaxy S6 4G LTE with 32GB Memory Cell Phone   White Pearl (Verizon Wireless),Mobiles,Smart Phones
SP6164524927,868-G4 4G with 32GB Memory Cell Phone   Black Leather (Sprint),Mobiles,Smart Phones
SP6108491782,967-G4 4G with 32GB Memory Cell Phone   Metallic Gray (Verizon Wireless),Mobiles,Smart Phones
SP6091310150,148-iPhone 6s Plus 128GB   Silver (AT&T),Mobiles,Smart Phones
SP6030760038,143-Galaxy S6 edge 4G with 32GB Memory Cell Phone   White Pearl (AT&T),Mobiles,Smart Phones
SP5995820917,101-Galaxy Note5 4G LTE with 32GB Memory Cell Phone   Black Sapphire (AT&T),Mobiles,Smart Phones
SP5949762657,119-iPhone 6s Plus 128GB   Space Gray (AT&T),Mobiles,Smart Phones
SP5936277028,898-iPhone 5c 8GB Cell Phone   White (Sprint),Mobiles,Smart Phones
SP5920080817,885-iPhone 6 Plus 16GB   Silver (Sprint),Mobiles,Smart Phones
SP5913350985,139-Gear S Smartwatch 40mm Chrome AT&T   White Urethane,Mobiles,Smart Phones
SP5907318054,950-Galaxy S6 edge+ 4G LTE with 32GB Memory Cell Phone   Gold Platinum (Verizon Wireless),Mobiles,Smart Phones
SP5894893886,946-iPhone 6s 16GB   Gold (Verizon Wireless),Mobiles,Smart Phones
SP5809406234,931-Galaxy Note5 4G LTE with 32GB Memory Cell Phone   Black Sapphire (Verizon Wireless),Mobiles,Smart Phones
SP5720923944,935-iPhone 6s 64GB   Space Gray (Verizon Wireless),Mobiles,Smart Phones
SP5688326664,891-iPhone 6s Plus 128GB   Rose Gold (Sprint),Mobiles,Smart Phones
SP5654970053,871-Galaxy Note5 4G LTE with 64GB Memory Cell Phone   Gold (Sprint),Mobiles,Smart Phones
SP5620533613,102-Galaxy Note5 4G LTE with 64GB Memory Cell Phone   Black Sapphire (AT&T),Mobiles,Smart Phones
SP5532376437,862-Galaxy Note5 4G LTE with 32GB Memory Cell Phone   White Pearl (Sprint),Mobiles,Smart Phones
SP5461027672,926-iPhone 6s 64GB   Silver (Verizon Wireless),Mobiles,Smart Phones
SP5389259648,107-iPhone 6s Plus 64GB   Rose Gold (AT&T),Mobiles,Smart Phones
SP5262543930,145-Galaxy Note5 4G LTE with 64GB Memory Cell Phone   White Pearl (AT&T),Mobiles,Smart Phones
SP5221148877,136-Galaxy S6 edge+ 4G LTE with 64GB Memory Cell Phone   Gold Platinum (AT&T),Mobiles,Smart Phones
SP5213099205,880-Galaxy Note5 4G LTE with 64GB Memory Cell Phone   White Pearl (Sprint),Mobiles,Smart Phones
SP5201237094,883-Galaxy S6 4G LTE with 32GB Memory Cell Phone   Black (T Mobile),Mobiles,Smart Phones
SP5178879318,131-Galaxy S6 4G with 32GB Memory Cell Phone   White Pearl (AT&T),Mobiles,Smart Phones
SP5128235709,887-Aquos Cell Phone   Black,Mobiles,Smart Phones
SP5068933521,134-iPhone 6 Plus 64GB   Space Gray (AT&T),Mobiles,Smart Phones
SP5068815542,116-iPhone 6 16GB   Space Gray (AT&T),Mobiles,Smart Phones
SP5053375506,905-One (M9) 4G LTE with 32GB Memory Cell Phone   Silver/Gold (Sprint),Mobiles,Smart Phones
SP5021156764,945-iPhone 6s 64GB   Silver (Verizon Wireless),Mobiles,Smart Phones
SP5004947564,932-Galaxy Note5 4G LTE with 32GB Memory Cell Phone   White Pearl (Verizon Wireless),Mobiles,Smart Phones
SP4919063657,132-iPhone 6s Plus 128GB   Rose Gold (AT&T),Mobiles,Smart Phones
SP4844294644,921-iPhone 6s Plus 64GB   Space Gray (Verizon Wireless),Mobiles,Smart Phones
SP4816544523,890-iPhone 6s 128GB   Space Gray (Sprint),Mobiles,Smart Phones
SP4812459551,112-iPhone 6s Plus 64GB   Gold (AT&T),Mobiles,Smart Phones
SP4740603207,949-iPhone 6s Plus 64GB   Silver (Verizon Wireless),Mobiles,Smart Phones
SP4696515749,953-iPhone 6 Plus 16GB   Space Gray (Verizon Wireless),Mobiles,Smart Phones
SP4621173559,105-iPhone 6s 64GB   Rose Gold (AT&T),Mobiles,Smart Phones
SP4577565287,933-Galaxy Note5 4G LTE with 64GB Memory Cell Phone   Black Sapphire (Verizon Wireless),Mobiles,Smart Phones
SP4566675484,914-iPhone® 5s 64GB   Silver (Sprint),Mobiles,Smart Phones
SP4531677676,900-Nexus 6 Cell Phone   Midnight Blue (Sprint),Mobiles,Smart Phones
SP4490633099,121-iPhone 6s Plus 16GB   Space Gray (AT&T),Mobiles,Smart Phones
SP4441994260,123-Galaxy S6 Active 4G with 32GB Memory Cell Phone   Gray (AT&T),Mobiles,Smart Phones
SP4378165918,977-REVERE 3 Cell Phone   Black (Verizon Wireless),Mobiles,Smart Phones
SP4339673001,125-iPhone 6 64GB   Space Gray (AT&T),Mobiles,Smart Phones
SP4333284368,879-Galaxy S6 edge with 32GB Memory Cell Phone   White Pearl (Sprint),Mobiles,Smart Phones
SP4232356381,912-Galaxy S6 with 128GB Memory Cell Phone   White Pearl (Sprint),Mobiles,Smart Phones
SP4201722727,937-iPhone 6s 16GB   Space Gray (Verizon Wireless),Mobiles,Smart Phones
SP4197678769,975-DROID Turbo 4G LTE with 32GB Memory Cell Phone   Metallic Red (Verizon Wireless),Mobiles,Smart Phones
SP4173052003,852-iPhone 6s 16GB   Rose Gold (Sprint),Mobiles,Smart Phones
SP4099530637,958-Galaxy S6 edge+ 4G LTE with 32GB Memory Cell Phone   Black Sapphire (Verizon Wireless),Mobiles,Smart Phones
SP4067494600,927-Galaxy Note5 4G LTE with 32GB Memory Cell Phone   Black Sapphire (Verizon Wireless),Mobiles,Smart Phones
SP4028556882,961-Galaxy S6 edge 4G LTE with 32GB Memory Cell Phone   Gold Platinum (Verizon Wireless),Mobiles,Smart Phones
SP3973946946,859-iPhone 6 64GB   Space Gray (Sprint),Mobiles,Smart Phones
SP3959149155,115-Galaxy S6 4G with 32GB Memory Cell Phone   Black Sapphire (AT&T),Mobiles,Smart Phones
SP3917358784,980-Galaxy S6 edge 4G LTE with 64GB Memory Cell Phone   Black Sapphire (Verizon Wireless),Mobiles,Smart Phones
SP3849234455,138-iPhone 6s Plus 16GB   Silver (AT&T),Mobiles,Smart Phones
SP3740746205,882-iPhone 6s 128GB   Rose Gold (Sprint),Mobiles,Smart Phones
SP3600057359,147-iPhone 6s Plus 128GB   Gold (AT&T),Mobiles,Smart Phones
SP3588952700,942-iPhone 6 64GB   Space Gray (Verizon Wireless),Mobiles,Smart Phones
SP3511986541,865-Galaxy S6 with 32GB Memory Cell Phone   Black (Sprint),Mobiles,Smart Phones
SP3443312770,959-iPhone 6s Plus 16GB   Rose Gold (Verizon Wireless),Mobiles,Smart Phones
SP3338829023,877-Galaxy S6 edge with 32GB Memory Cell Phone   Black Sapphire (Sprint),Mobiles,Smart Phones
SP3268222980,966-Galaxy S6 edge 4G LTE with 32GB Memory Cell Phone   Black Sapphire (Verizon Wireless),Mobiles,Smart Phones
SP3255338021,962-iPhone 6 Plus 64GB   Space Gray (Verizon Wireless),Mobiles,Smart Phones
SP3212044458,972-One (M9) 4G with 32GB Memory Cell Phone   Gray (Verizon Wireless),Mobiles,Smart Phones
SP3203656258,106-iPhone 6s Plus 64GB   Space Gray (AT&T),Mobiles,Smart Phones
SP3091768271,922-iPhone 6s Plus 64GB   Rose Gold (Verizon Wireless),Mobiles,Smart Phones
SP3074122645,889-Galaxy S6 with 64GB Memory Cell Phone   Gold Platinum (Sprint),Mobiles,Smart Phones
SP2970054692,941-iPhone 6 16GB   Silver (Verizon Wireless),Mobiles,Smart Phones
SP2944088365,917-iPhone 6s 64GB   Space Gray (Verizon Wireless),Mobiles,Smart Phones
SP2938311283,875-HTC One (M9) with 32GB Memory Cell Phone   Gray (Sprint),Mobiles,Smart Phones
SP2711416144,866-iPhone 6s Plus 64GB   Gold (Sprint),Mobiles,Smart Phones
SP2661989185,939-iPhone 6s Plus 64GB   Space Gray (Verizon Wireless),Mobiles,Smart Phones
SP2655788545,911-Galaxy S6 with 128GB Memory Cell Phone   Black Sapphire (Sprint),Mobiles,Smart Phones
SP2651919782,870-iPhone 6s Plus 64GB   Silver (Sprint),Mobiles,Smart Phones
SP2525285358,113-iPhone 6s Plus 64GB   Silver (AT&T),Mobiles,Smart Phones
SP2502738247,918-iPhone 6s 64GB   Rose Gold (Verizon Wireless),Mobiles,Smart Phones
SP2400788673,142-Galaxy S6 4G with 64GB Memory Cell Phone   Black Sapphire (AT&T),Mobiles,Smart Phones
SP2246738798,857-iPhone 6s 16GB   Gold (Sprint),Mobiles,Smart Phones
SP2169848894,901-Moto X Cell Phone   Black (Sprint),Mobiles,Smart Phones
SP2094851214,907-Galaxy S 5 4G LTE with 32GB Memory Cell Phone   Pre Owned,Mobiles,Smart Phones
SP2084217952,144-iPhone 6s 128GB   Silver (AT&T),Mobiles,Smart Phones
SP2076586848,915-LG G4 4G with 32GB Memory Cell Phone   Black Titanium (Sprint),Mobiles,Smart Phones
SP2059309428,951-Galaxy S6 4G LTE with 32GB Memory Cell Phone   Gold (Verizon Wireless),Mobiles,Smart Phones
SP2038339884,876-Galaxy S6 edge with 32GB Memory Cell Phone   Gold Platinum (Sprint),Mobiles,Smart Phones
SP2031834293,895-iPhone 6s Plus 128GB   Silver (Sprint),Mobiles,Smart Phones
SP1955825243,906-Verve Cell Phone   Gray (Sprint),Mobiles,Smart Phones
SP1910435339,126-iPhone 6s 16GB   Silver (AT&T),Mobiles,Smart Phones
SP1877550717,122-Galaxy S6 4G with 32GB Memory Cell Phone   Gold Platinum (AT&T),Mobiles,Smart Phones
SP1754995927,893-Galaxy S6 edge+ 4G LTE with 64GB Memory Cell Phone   Gold Platinum (Sprint),Mobiles,Smart Phones
SP1735212092,861-Galaxy Note5 4G LTE with 32GB Memory Cell Phone   Black Sapphire (Sprint),Mobiles,Smart Phones
SP1622487022,140-Galaxy S6 edge 4G with 32GB Memory Cell Phone   Black Sapphire (AT&T),Mobiles,Smart Phones
SP1526799597,130-iPhone 6 16GB   Silver (AT&T),Mobiles,Smart Phones
SP1463697142,928-Galaxy Note5 4G LTE with 32GB Memory Cell Phone   White Pearl (Verizon Wireless),Mobiles,Smart Phones
SP1419400234,108-iPhone 6s 16GB   Space Gray (AT&T),Mobiles,Smart Phones
SP1400798141,924-iPhone 6 64GB   Space Gray (Verizon Wireless),Mobiles,Smart Phones
SP1376934186,934-iPhone 6 16GB   Space Gray (Verizon Wireless),Mobiles,Smart Phones
SP1354533321,944-iPhone 6s 64GB   Gold (Verizon Wireless),Mobiles,Smart Phones
SP1298416517,855-iPhone 6s 64GB   Space Gray (Sprint),Mobiles,Smart Phones
SP1250271061,930-Galaxy S6 4G LTE with 32GB Memory Cell Phone   Black Sapphire (Verizon Wireless),Mobiles,Smart Phones
SP1144893711,103-iPhone 6s 64GB   Space Gray (AT&T),Mobiles,Smart Phones
SP1122027402,943-Galaxy S6 4G LTE with 32GB Memory Cell Phone   Black Sapphire (Verizon Wireless),Mobiles,Smart Phones
SP1046336000,111-iPhone 6s 64GB   Gold (AT&T),Mobiles,Smart Phones
SP1018696929,858-iPhone 6 16GB   Gold (Sprint),Mobiles,Smart Phones
SP1000422241,957-DROID Turbo 2 4G LTE with 32GB Memory Cell Phone   Black Soft Touch (Verizon Wireless),Mobiles,Smart Phones
RM7849818339,352-Geek Squad Certified Refurbished iPod nano® 16GB MP3 Player (8th Generation   Latest Model)   Gold,Music,Refurbished MP3
RM7727052092,354-Geek Squad Certified Refurbished iPod touch® 16GB MP3 Player (6th Generation   Latest Model)   Gold,Music,Refurbished MP3
RM5531979619,350-Geek Squad Certified Refurbished iPod touch® 16GB MP3 Player (6th Generation   Latest Model)   Blue,Music,Refurbished MP3
RM5268239480,349-Geek Squad Certified Refurbished iPod touch® 16GB MP3 Player (6th Generation   Latest Model)   Silver,Music,Refurbished MP3
RM3544173413,353-Geek Squad Certified Refurbished iPod touch® 16GB MP3 Player (6th Generation   Latest Model)   Space Gray,Music,Refurbished MP3
RM2997215111,348-Geek Squad Certified Refurbished iPod nano® 16GB MP3 Player (8th Generation   Latest Model)   Blue,Music,Refurbished MP3
RM1798155155,351-Geek Squad Certified Refurbished iPod nano® 16GB MP3 Player (8th Generation   Latest Model)   Space Gray,Music,Refurbished MP3
RM1510239178,347-Geek Squad Certified Refurbished iPod nano® 16GB MP3 Player (8th Generation   Latest Model)   Silver,Music,Refurbished MP3
PR9915729661,737-Officejet Pro 6830 Wireless e All In,Computers,Printing
PR9903505886,746-OfficeJet 3830 Wireless All In One Printer,Computers,Printing
PR9492250477,733-imageCLASS MF212w Wireless Black and White Laser Printer,Computers,Printing
PR9282729599,732-HL 3170CDW Color Laser Printer   Black,Computers,Printing
PR8837839983,731-User) (1 Year Subscription)   Windows,Computers,Printing
PR8732923036,730-Officejet 100 Wireless Printer   Gray/Black,Computers,Printing
PR8672774093,719-ENVY 5530 Wireless e All In,Computers,Printing
PR8165177177,711-PIXMA MG2920 Wireless All In One Printer,Computers,Printing
PR7951635235,726-WorkForce WF 100 Mobile Wireless Printer   Black,Computers,Printing
PR7904104453,749-LaserJet Pro P1102w Wireless Black and White Printer,Computers,Printing
PR7227126666,747-PIXMA MX922 Network Ready Wireless All In,Computers,Printing
PR7131799956,715-WorkForce ET 4550 EcoTank Wireless All In,Computers,Printing
PR7073340787,735-Expression Home XP 420 Small in,Computers,Printing
PR6885372081,734-MFC 9130CW Digital Color Laser All in,Computers,Printing
PR6515365756,736-ENVY 4520 Wireless All In One Printer,Computers,Printing
PR6383602034,739-Officejet Pro 8610 e All in,Computers,Printing
PR6329905813,723-Laserjet Pro m252dw Wireless Color Printer   Gray,Computers,Printing
PR5879167989,717-WorkForce Pro WF 4630 Wireless All In,Computers,Printing
PR4658079167,748-Officejet Pro 8620 e All in,Computers,Printing
PR4490063892,712-MFC J485DW Wireless All In,Computers,Printing
PR3844468297,720-MFC L2740DW Wireless Black and,Computers,Printing
PR3613694585,713-SELPHY CP910 Wireless Compact Photo Printer   White,Computers,Printing
PR3521097120,721-MFC J885DW Wireless All In,Computers,Printing
PR3474169991,728-Expression ET 2550 EcoTank Wireless All In,Computers,Printing
PR3218207906,714-Expression Premium XP 830 All In,Computers,Printing
PR3036441810,724-PIXMA MG3620 Wireless All In One Printer,Computers,Printing
PR2894934603,722-LaserJet Pro MFP M127fw Wireless Black and White All,Computers,Printing
PR2880218645,744-WorkForce WF 3620 Wireless All In,Computers,Printing
PR2867634032,727-HL L2320D Black and,Computers,Printing
PR2855924592,725-WorkForce WF 7620 Wireless Wide Format All,Computers,Printing
PR2565020351,742-Officejet 5740 Wireless e All in,Computers,Printing
PR2540507804,745-ENVY 7640 Wireless e All in,Computers,Printing
PR2424614720,738-ENVY 5660 Wireless e All In,Computers,Printing
PR2421843024,716-PIXMA MG6821 Wireless All In One Printer,Computers,Printing
PR2400833949,750-Expression Premium XP 630 All In,Computers,Printing
PR2321610243,741-WorkForce WF 2650 Wireless All In,Computers,Printing
PR2120240111,743-OfficeJet 4650 Wireless All In One Printer,Computers,Printing
PR1903491983,740-PIXMA MX492 Wireless All In One Printer,Computers,Printing
PR1548260358,729-LaserJet Pro m451dw Wireless Color Printer   Black/Gray,Computers,Printing
PR1224167440,718-DeskJet 2545 Wireless All In One Printer,Computers,Printing
PC7475661923,1002-Beer Pong Tables,Arts & Entertainment,Party & Celebration
MP9985928148,388-iPod touch® 32GB MP3 Player (6th Generation   Latest Model)   Pink,Music,MP3 Player
MP9592536908,362-iPod touch® 32GB MP3 Player (6th Generation   Latest Model)   Blue,Music,MP3 Player
MP9305927611,374-$100 iTunes Gift Card   Purple/Pink/Orange,Music,MP3 Player
MP9181007541,393-iPod touch® 32GB MP3 Player (6th Generation   Latest Model)   Silver,Music,MP3 Player
MP8539902817,375-$50 iTunes Gift Card   Green,Music,MP3 Player
MP8484965111,359-iPod touch® 16GB MP3 Player (6th Generation   Latest Model)   Space Gray,Music,MP3 Player
MP8174580055,389-iPod shuffle® 2GB MP3 Player (6th Generation   Latest Model)   Blue,Music,MP3 Player
MP8070711672,355-iPod nano® 16GB MP3 Player (8th Generation   Latest Model)   Gold,Music,MP3 Player
MP8025301219,386-iPod touch® 32GB MP3 Player (6th Generation   Latest Model)   Blue,Music,MP3 Player
MP7715392931,356-iPod touch® 32GB MP3 Player (6th Generation   Latest Model)   Space Gray,Music,MP3 Player
MP7638492709,381-iPod nano® 16GB MP3 Player (8th Generation   Latest Model)   Gold,Music,MP3 Player
MP7630705083,360-iPod nano® 16GB MP3 Player (8th Generation   Latest Model)   Space Gray,Music,MP3 Player
MP7281076736,363-iPod nano® 16GB MP3 Player (8th Generation   Latest Model)   Blue,Music,MP3 Player
MP6788803109,382-iPod touch® 16GB MP3 Player (6th Generation   Latest Model)   Pink,Music,MP3 Player
MP6607378649,377-iPod nano® 16GB MP3 Player (8th Generation   Latest Model)   Space Gray,Music,MP3 Player
MP6548724357,385-iPod shuffle® 2GB MP3 Player (6th Generation   Latest Model)   White & Silver,Music,MP3 Player
MP6486220239,373-$25 iTunes Gift Card   Orange,Music,MP3 Player
MP6359244568,392-iPod touch® 16GB MP3 Player (6th Generation   Latest Model)   Silver,Music,MP3 Player
MP5992268869,366-iPod shuffle® 2GB MP3 Player (6th Generation   Latest Model)   Pink,Music,MP3 Player
MP5960064729,380-iPod touch® 16GB MP3 Player (6th Generation   Latest Model)   Space Gray,Music,MP3 Player
MP5862152673,378-iPod touch® 16GB MP3 Player (6th Generation   Latest Model)   Blue,Music,MP3 Player
MP5417740938,370-iPod touch® 32GB MP3 Player (6th Generation   Latest Model)   Pink,Music,MP3 Player
MP5351656798,394-iPod nano® 16GB MP3 Player (8th Generation   Latest Model)   Pink,Music,MP3 Player
MP5347531110,396-iPod shuffle® 2GB MP3 Player (6th Generation   Latest Model)   Gold,Music,MP3 Player
MP4726222726,357-iPod touch® 32GB MP3 Player (6th Generation   Latest Model)   Gold,Music,MP3 Player
MP3885025629,367-iPod touch® 16GB MP3 Player (6th Generation   Latest Model)   Silver,Music,MP3 Player
MP3840944975,371-Walkman 64 GB Flash Portable Media Player   Silver,Music,MP3 Player
MP3576921944,390-iPod nano® 16GB MP3 Player (8th Generation   Latest Model)   Silver,Music,MP3 Player
MP3406612445,379-iPod nano® 16GB MP3 Player (8th Generation   Latest Model)   Blue,Music,MP3 Player
MP3364196549,368-iPod touch® 64GB MP3 Player (6th Generation   Latest Model)   White/Silver,Music,MP3 Player
MP2963463769,383-iPod touch® 64GB MP3 Player (6th Generation   Latest Model)   Space Gray,Music,MP3 Player
MP2734310910,387-iPod touch® 16GB MP3 Player (6th Generation   Latest Model)   Gold,Music,MP3 Player
MP2632973577,361-iPod touch® 16GB MP3 Player (6th Generation   Latest Model)   Pink,Music,MP3 Player
MP2514651806,376-$10 iTunes Gift Cards (3 Pack)   Pink,Music,MP3 Player
MP2496955146,364-iPod touch® 16GB MP3 Player (6th Generation   Latest Model)   Gold,Music,MP3 Player
MP2298722800,369-iPod shuffle® 2GB MP3 Player (6th Generation   Latest Model)   Gold,Music,MP3 Player
MP2007989006,365-iPod touch® 64GB MP3 Player (6th Generation   Latest Model)   Space Gray,Music,MP3 Player
MP1974518266,372-$15 iTunes Gift Card   Blue/Purple,Music,MP3 Player
MP1711239863,358-iPod touch® 16GB MP3 Player (6th Generation   Latest Model)   Blue,Music,MP3 Player
MP1333998214,384-iPod touch® 32GB MP3 Player (6th Generation   Latest Model)   Space Gray,Music,MP3 Player
MP1105819907,395-iPod touch® 64GB MP3 Player (6th Generation   Latest Model)   Gold,Music,MP3 Player
MP1085475413,391-iPod touch® 32GB MP3 Player (6th Generation   Latest Model)   Gold,Music,MP3 Player
HD9727896682,30-AQUOS   55"" Class (54.6"" Diag.)   LED,Entertainment,High Definition TV
HD9537428815,33-65"" Class (64.5"" Diag.)   LED   2160p,Entertainment,High Definition TV
HD9464003565,46-55"" Class (54.6"" Diag.)   OLED   Curved,Entertainment,High Definition TV
HD9451418499,36-M Series   49"" Class (48.5"" Diag.),Entertainment,High Definition TV
HD9298577865,16-65"" Class (64.5"" Diag.)   LED   2160p,Entertainment,High Definition TV
HD9234408672,34-65"" Class (64.5"" Diag.)   OLED   2160p,Entertainment,High Definition TV
HD9113323444,44-65"" Class (64.5"" Diag.)   LED Curved   2160p,Entertainment,High Definition TV
HD8931451202,4-50"" Class (49.5"" Diag.)   LED   2160p,Entertainment,High Definition TV
HD8923795038,18-49"" Class (48.5"" Diag.)   LED   2160p,Entertainment,High Definition TV
HD8794936157,43-60"" Class (60"" Diag.)   2160p   Smart,Entertainment,High Definition TV
HD8655463393,29-43"" Class (42.5"" Diag.)   LED   2160p,Entertainment,High Definition TV
HD7754047458,6-65"" Class (64.5"" Diag.)   LED   Curved,Entertainment,High Definition TV
HD7567573683,19-65"" Class (64 1/2"" Diag.)   LED,Entertainment,High Definition TV
HD7358852923,47-55"" Class (54.6"" Diag.)   OLED   2160p,Entertainment,High Definition TV
HD7350004591,8-55"" Class (54.6"" Diag.)   LED   Curved,Entertainment,High Definition TV
HD7300946701,14-AQUOS   50"" Class (49.6"" Diag.)   LED,Entertainment,High Definition TV
HD7112342227,17-55"" Class (54.6"" Diag.)   LED   2160p,Entertainment,High Definition TV
HD7090510318,26-48"" Class (47.6"" Diag.)   LED   2160p,Entertainment,High Definition TV
HD7008363701,32-AQUOS   43"" Class (42.5"" Diag.)   LED,Entertainment,High Definition TV
HD6650036963,3-55"" Class (54.6"" Diag.)   LED   2160p,Entertainment,High Definition TV
HD6548384322,25-M Series   70"" Class (69.5"" Diag.),Entertainment,High Definition TV
HD6253016043,39-48"" Class (47.6"" Diag.)   LED   2160p,Entertainment,High Definition TV
HD6117938607,27-55"" Class (54.6"" Diag.)   LED   Curved,Entertainment,High Definition TV
HD6064108683,50-60"" Class (59.5"" Diag.)   LED   2160p,Entertainment,High Definition TV
HD5968678406,37-AQUOS   70"" Class (69.5"" Diag.)   LED,Entertainment,High Definition TV
HD5962551993,20-55"" Class (54.6"" Diag.)   LED   2160p,Entertainment,High Definition TV
HD5813347913,15-65"" Class (64.5"" Diag.)   LED   2160p,Entertainment,High Definition TV
HD5471457577,7-55"" Class (54.6"" Diag.)   LED   2160p,Entertainment,High Definition TV
HD5082493409,22-M Series   50"" Class (49.5"" Diag.),Entertainment,High Definition TV
HD5058069237,49-65"" Class (64.5"" Diag.)   LED   2160p,Entertainment,High Definition TV
HD5000774137,24-60"" Class (60"" Diag.)   LED   2160p,Entertainment,High Definition TV
HD4492844679,42-49"" Class (48.5"" Diag.)   LED   2160p,Entertainment,High Definition TV
HD4198235110,41-75"" Class (74.5"" Diag.)   2160p   Smart,Entertainment,High Definition TV
HD4172546894,13-65"" Class (64.5"" Diag.)   LED   Curved,Entertainment,High Definition TV
HD3763175147,9-55"" Class (54.6"" Diag.)   LED   2160p,Entertainment,High Definition TV
HD3597731336,11-40"" Class (40"" Diag.)   LED   2160p,Entertainment,High Definition TV
HD3366775583,40-AQUOS   70"" Class (69.5"" Diag.)   LED,Entertainment,High Definition TV
HD3268621924,48-55"" Class (54 1/2"" Diag.)   LED,Entertainment,High Definition TV
HD3007615801,45-M Series   65"" Class (65"" Diag.),Entertainment,High Definition TV
HD2741903687,5-60"" Class (60"" Diag.)   LED   2160p,Entertainment,High Definition TV
HD2674757452,35-55"" Class (54.6"" Diag.)   LED   2160p,Entertainment,High Definition TV
HD2604566011,21-M Series   43"" Class (42.5"" Diag.),Entertainment,High Definition TV
HD2346469246,23-M Series   55"" Class (55"" Diag.),Entertainment,High Definition TV
HD2146525053,2-65"" Class (64.5"" Diag.)   LED   2160p,Entertainment,High Definition TV
HD2103714806,38-65"" Class (64.5"" Diag.)   LED   Curved,Entertainment,High Definition TV
HD1631775708,28-65"" Class (64.5"" Diag.)   2160p   Smart,Entertainment,High Definition TV
HD1548890480,1-60"" Class (59.5"" Diag.)   LED   2160p,Entertainment,High Definition TV
HD1537819291,12-50"" Class (49.5"" Diag.)   LED   2160p,Entertainment,High Definition TV
HD1459001333,31-75"" Class (74.5"" Diag.)   LED   2160p,Entertainment,High Definition TV
HD1134786088,10-60"" Class (60"" Diag.)   LED   2160p,Entertainment,High Definition TV
HC9945453033,1070-Guitar Fittings & Parts,Arts & Entertainment,Hobbies & Creative Arts
HC9830879186,1044-Drafting Compasses,Arts & Entertainment,Hobbies & Creative Arts
HC9826408166,1065-Flute Pegs & Stands,Arts & Entertainment,Hobbies & Creative Arts
HC9714985654,1048-Drum Stick & Brush Bags & Holders,Arts & Entertainment,Hobbies & Creative Arts
HC9536050659,1006-Brass Instrument Care Kits,Arts & Entertainment,Hobbies & Creative Arts
HC9342615295,991-Basketball Autographed Paraphernalia,Arts & Entertainment,Hobbies & Creative Arts
HC9297875981,1025-Claves & Castanets,Arts & Entertainment,Hobbies & Creative Arts
HC9239712941,1020-Clarinet Parts,Arts & Entertainment,Hobbies & Creative Arts
HC9170286471,1078-Guitar Tuning Pegs,Arts & Entertainment,Hobbies & Creative Arts
HC9156693361,1014-Capos,Arts & Entertainment,Hobbies & Creative Arts
HC9052289713,1083-Hand Percussion Stands & Mounts,Arts & Entertainment,Hobbies & Creative Arts
HC8930175482,1007-Brass Instrument Cleaners & Sanitizers,Arts & Entertainment,Hobbies & Creative Arts
HC8843517195,1018-Clarinet Cases & Gigbags,Arts & Entertainment,Hobbies & Creative Arts
HC8677964849,1086-Harmonica Cases,Arts & Entertainment,Hobbies & Creative Arts
HC8661049025,995-Bassoon Cases & Gigbags,Arts & Entertainment,Hobbies & Creative Arts
HC8645474261,1047-Drum Pedals,Arts & Entertainment,Hobbies & Creative Arts
HC8328902708,1017-Clarinet Care & Cleaning,Arts & Entertainment,Hobbies & Creative Arts
HC8317976686,1051-Embossing Heat Tools,Arts & Entertainment,Hobbies & Creative Arts
HC8275380974,1092-Interfacing,Arts & Entertainment,Hobbies & Creative Arts
HC8205920582,1056-Felting Needles & Machines,Arts & Entertainment,Hobbies & Creative Arts
HC8123629837,1077-Guitar Strings,Arts & Entertainment,Hobbies & Creative Arts
HC7972145497,1001-Beads,Arts & Entertainment,Hobbies & Creative Arts
HC7886651664,1037-Craft Scoring Tools,Arts & Entertainment,Hobbies & Creative Arts
HC7747474340,999-Bassoon Straps & Supports,Arts & Entertainment,Hobbies & Creative Arts
HC7671301987,1076-Guitar String Winders,Arts & Entertainment,Hobbies & Creative Arts
HC7474496764,1030-Craft Cutters & Embossers,Arts & Entertainment,Hobbies & Creative Arts
HC7349157203,1063-Flute Cases & Gigbags,Arts & Entertainment,Hobbies & Creative Arts
HC7284838026,1075-Guitar Straps,Arts & Entertainment,Hobbies & Creative Arts
HC7187893553,1027-Construction Paper,Arts & Entertainment,Hobbies & Creative Arts
HC7110906334,1023-Clarinet Straps & Supports,Arts & Entertainment,Hobbies & Creative Arts
HC7080476008,1021-Clarinet Pegs & Stands,Arts & Entertainment,Hobbies & Creative Arts
HC7006058600,1060-Floral Tape,Arts & Entertainment,Hobbies & Creative Arts
HC6948298929,1015-Cardstock & Scrapbooking Paper,Arts & Entertainment,Hobbies & Creative Arts
HC6911654900,1085-Hand-Sewing Needles,Arts & Entertainment,Hobbies & Creative Arts
HC6736899214,1062-Flute Care & Cleaning,Arts & Entertainment,Hobbies & Creative Arts
HC6633628225,1046-Drum Kit Mounting Hardware,Arts & Entertainment,Hobbies & Creative Arts
HC6632396314,1041-Decorative Stamps,Arts & Entertainment,Hobbies & Creative Arts
HC6604564740,1074-Guitar Stands,Arts & Entertainment,Hobbies & Creative Arts
HC6542158422,1057-Fiber Cards & Brushes,Arts & Entertainment,Hobbies & Creative Arts
HC6517560146,1026-Clay & Modeling Dough,Arts & Entertainment,Hobbies & Creative Arts
HC6441952197,1000-Batting & Stuffing,Arts & Entertainment,Hobbies & Creative Arts
HC6169592087,1009-Brass Instrument Guards,Arts & Entertainment,Hobbies & Creative Arts
HC6140719289,1028-Craft & Office Glue,Arts & Entertainment,Hobbies & Creative Arts
HC6055976446,1042-Decorative Stickers,Arts & Entertainment,Hobbies & Creative Arts
HC6046203161,1005-Boxing Autographed Paraphernalia,Arts & Entertainment,Hobbies & Creative Arts
HC5854209003,1079-Hand Bells & Chimes,Arts & Entertainment,Hobbies & Creative Arts
HC5801524181,1093-Jewelry & Beading Cord,Arts & Entertainment,Hobbies & Creative Arts
HC5630969659,982-Appliques & Patches,Arts & Entertainment,Hobbies & Creative Arts
HC5578098309,1066-Football Autographed Paraphernalia,Arts & Entertainment,Hobbies & Creative Arts
HC5478193644,1064-Flute Parts,Arts & Entertainment,Hobbies & Creative Arts
HC5468610853,993-Bass Drum Beaters,Arts & Entertainment,Hobbies & Creative Arts
HC5456113652,1010-Brass Instrument Lubricants,Arts & Entertainment,Hobbies & Creative Arts
HC5444670737,1069-Guitar Cases & Gig Bags,Arts & Entertainment,Hobbies & Creative Arts
HC5226160252,1049-Elastic,Arts & Entertainment,Hobbies & Creative Arts
HC5090410699,1084-Hand Spindles,Arts & Entertainment,Hobbies & Creative Arts
HC5061322434,1090-Hook and Loop Fasteners,Arts & Entertainment,Hobbies & Creative Arts
HC4856623519,983-Art & Craft Paint,Arts & Entertainment,Hobbies & Creative Arts
HC4764827900,1045-Drawing & Painting Paper,Arts & Entertainment,Hobbies & Creative Arts
HC4687408381,1088-Hockey Autographed Paraphernalia,Arts & Entertainment,Hobbies & Creative Arts
HC4674590031,1008-Brass Instrument Cleaning Tools,Arts & Entertainment,Hobbies & Creative Arts
HC4474716304,1039-Crafting Canvas,Arts & Entertainment,Hobbies & Creative Arts
HC4431110608,1052-Embossing Pens & Styluses,Arts & Entertainment,Hobbies & Creative Arts
HC4388140285,1055-Feathers,Arts & Entertainment,Hobbies & Creative Arts
HC4386962585,996-Bassoon Parts,Arts & Entertainment,Hobbies & Creative Arts
HC4383470299,1061-Floral Wire,Arts & Entertainment,Hobbies & Creative Arts
HC4277572821,989-Baseball & Softball Autographed Paraphernalia,Arts & Entertainment,Hobbies & Creative Arts
HC4259508923,1071-Guitar Humidifiers,Arts & Entertainment,Hobbies & Creative Arts
HC4022921832,1096-Knitting Needles,Arts & Entertainment,Hobbies & Creative Arts
HC3974325191,992-Basketball Fan Accessories,Arts & Entertainment,Hobbies & Creative Arts
HC3957617529,984-Art Brushes,Arts & Entertainment,Hobbies & Creative Arts
HC3931129776,1036-Craft Pipe Cleaners,Arts & Entertainment,Hobbies & Creative Arts
HC3810606695,1024-Clasps & Hooks,Arts & Entertainment,Hobbies & Creative Arts
HC3770468069,981-Acoustic Guitar Pickups,Arts & Entertainment,Hobbies & Creative Arts
HC3683174636,1058-Filling Pellets,Arts & Entertainment,Hobbies & Creative Arts
HC3488222417,1013-Buttons & Snaps,Arts & Entertainment,Hobbies & Creative Arts
HC3450869418,1050-Electric Guitar Pickups,Arts & Entertainment,Hobbies & Creative Arts
HC3311564260,1033-Craft Foil,Arts & Entertainment,Hobbies & Creative Arts
HC3252929019,1019-Clarinet Ligatures & Caps,Arts & Entertainment,Hobbies & Creative Arts
HC3226867631,1032-Craft Foam & Styrofoam,Arts & Entertainment,Hobbies & Creative Arts
HC3079017892,1067-Football Fan Accessories,Arts & Entertainment,Hobbies & Creative Arts
HC3021566355,1053-Eyelets & Grommets,Arts & Entertainment,Hobbies & Creative Arts
HC2842945378,998-Bassoon Stands,Arts & Entertainment,Hobbies & Creative Arts
HC2841542711,990-Baseball & Softball Fan Accessories,Arts & Entertainment,Hobbies & Creative Arts
HC2651582384,1072-Guitar Picks,Arts & Entertainment,Hobbies & Creative Arts
HC2407254924,1094-Jewelry & Beading Wire,Arts & Entertainment,Hobbies & Creative Arts
HC2374146805,1004-Bows & Yo-Yos,Arts & Entertainment,Hobbies & Creative Arts
HC2336819470,988-Auto Racing Fan Accessories,Arts & Entertainment,Hobbies & Creative Arts
HC2309050740,1068-Fusible Tape,Arts & Entertainment,Hobbies & Creative Arts
HC2308089338,1038-Craft Wood & Shapes,Arts & Entertainment,Hobbies & Creative Arts
HC2292737798,1089-Hockey Fan Accessories,Arts & Entertainment,Hobbies & Creative Arts
HC2215135400,986-Art Ink,Arts & Entertainment,Hobbies & Creative Arts
HC2160398770,1016-Ceramic & Pottery Glazes,Arts & Entertainment,Hobbies & Creative Arts
HC2100727835,1082-Hand Percussion Bags & Cases,Arts & Entertainment,Hobbies & Creative Arts
HC2078913437,1012-Brayer Rollers,Arts & Entertainment,Hobbies & Creative Arts
HC2005759678,1080-Hand Drums,Arts & Entertainment,Hobbies & Creative Arts
HC1948484057,1031-Craft Dyes,Arts & Entertainment,Hobbies & Creative Arts
HC1827321585,1054-Fabric,Arts & Entertainment,Hobbies & Creative Arts
HC1723752697,1003-Bow Rosin,Arts & Entertainment,Hobbies & Creative Arts
HC1721418979,997-Bassoon Reeds,Arts & Entertainment,Hobbies & Creative Arts
HC1513331514,1035-Craft Magnets,Arts & Entertainment,Hobbies & Creative Arts
HC1479181229,1029-Craft & Office Scissors,Arts & Entertainment,Hobbies & Creative Arts
HC1473954319,1059-Finger & Hand Cymbals,Arts & Entertainment,Hobbies & Creative Arts
HC1385091835,1034-Craft Knives,Arts & Entertainment,Hobbies & Creative Arts
HC1358714425,985-Art Fixatives,Arts & Entertainment,Hobbies & Creative Arts
HC1296757542,1011-Brass Instrument Polishing Cloths,Arts & Entertainment,Hobbies & Creative Arts
HC1270605257,1043-Decorative Tape,Arts & Entertainment,Hobbies & Creative Arts
HC1208581652,987-Auto Racing Autographed Paraphernalia,Arts & Entertainment,Hobbies & Creative Arts
HC1203263241,1087-Harmonica Holders,Arts & Entertainment,Hobbies & Creative Arts
HC1201788492,1040-Crochet Hooks,Arts & Entertainment,Hobbies & Creative Arts
HC1179353852,994-Bassoon Care & Cleaning,Arts & Entertainment,Hobbies & Creative Arts
HC1152771719,1091-Ink Pads,Arts & Entertainment,Hobbies & Creative Arts
HC1066817727,1095-Jewelry Findings,Arts & Entertainment,Hobbies & Creative Arts
HC1059793092,1022-Clarinet Reeds,Arts & Entertainment,Hobbies & Creative Arts
HC1045298145,1073-Guitar Slides,Arts & Entertainment,Hobbies & Creative Arts
HC1023674913,1081-Hand Looms,Arts & Entertainment,Hobbies & Creative Arts
ES9810253760,465-40"" Class (39 1/2"" Diag.)   LED,Entertainment,Energy Star TV
ES9674264871,452-32"" Class (31.5"" Diag.)   LED   1080p,Entertainment,Energy Star TV
ES9345949919,457-50"" Class (49.5"" Diag.)   LED   2160p,Entertainment,Energy Star TV
ES9225982925,453-32"" Class (31.5"" Diag.)   LED   720p,Entertainment,Energy Star TV
ES8954140216,451-48"" Class (47.6"" Diag.)   LED   1080p,Entertainment,Energy Star TV
ES8851617738,461-28"" Class (27 1/2"" Diag.)   LED,Entertainment,Energy Star TV
ES8606467761,464-32"" Class (31 1/2"" Diag.)   LED,Entertainment,Energy Star TV
ES7356021698,447-40"" Class (40"" Diag.)   LED   1080p,Entertainment,Energy Star TV
ES7256608229,466-32"" Class (31.5"" Diag.)   LED   1080p,Entertainment,Energy Star TV
ES6868546069,449-32"" Class (31 1/2"" Diag.)   LED,Entertainment,Energy Star TV
ES6836353135,460-48"" Class (47.6"" Diag.)   LED   1080p,Entertainment,Energy Star TV
ES6121781883,463-32"" Class (31.5"" Diag.)   LED   1080p,Entertainment,Energy Star TV
ES4703301578,448-19"" Class (18.5"" Diag.)   LED   720p,Entertainment,Energy Star TV
ES4289058851,454-65"" Class (64.5"" Diag.)   LED   2160p,Entertainment,Energy Star TV
ES4052897139,462-65"" Class (64.5"" Diag.)   LED   Curved,Entertainment,Energy Star TV
ES3545123519,455-55"" Class (54.6"" Diag.)   LED   2160p,Entertainment,Energy Star TV
ES3455710582,456-48"" Class (47.6"" Diag.)   LED   1080p,Entertainment,Energy Star TV
ES3021853006,450-39"" Class (38.5"" Diag.)   LED   720p,Entertainment,Energy Star TV
ES2949948684,459-60"" Class (60"" Diag.)   LED   2160p,Entertainment,Energy Star TV
ES2000489123,467-32"" Class (31.5"" Diag.)   LED   720p,Entertainment,Energy Star TV
ES1337765341,458-40"" Class (40"" Diag.)   LED   1080p,Entertainment,Energy Star TV
CT9964939801,615-19.5"" LED HD Monitor   Black,Computers,Computers & Tablets
TV4593993883,843-60"" Class (60"" Diag.)   2160p   Smart,Entertainment,TV & Home Theater
TV9943197759,224-M Series   70"" Class (69.5"" Diag.),Entertainment,TV & Home Theater
TV9911840828,228-55"" Class (54.6"" Diag.)   LED   Curved,Entertainment,TV & Home Theater
TV9804333343,486-E Series   24"" Class (23"",Entertainment,TV & Home Theater
TV9712219983,478-55"" Class (54.6"" Diag.)   LED   1080p,Entertainment,TV & Home Theater
TV9617360919,485-E Series 55"" Class (54.6"" Diag.)   LED,Entertainment,TV & Home Theater
TV9587963436,817-55"" Class (54.6"" Diag.)   LED   2160p,Entertainment,TV & Home Theater
TV9574337334,221-55"" Class (54 5/8"" Diag.)   LED,Entertainment,TV & Home Theater
TV9511537022,237-75"" Class (74.5"" Diag.)   LED   2160p,Entertainment,TV & Home Theater
TV9456455157,471-28"" Class (27.5"" Diag.)   LED   720p,Entertainment,TV & Home Theater
TV9434188276,201-55"" Class (54.6"" Diag.)   OLED   Curved,Entertainment,TV & Home Theater
TV9412027417,490-55"" Class (54.6"" Diag.)   LED   1080p,Entertainment,TV & Home Theater
TV9404581382,474-55"" Class (54.6"" Diag.)   LED   2160p,Entertainment,TV & Home Theater
TV9124221573,803-65"" Class (64.5"" Diag.)   LED   2160p,Entertainment,TV & Home Theater
TV8975360666,476-24"" Class (23 5/8"" Diag.)   LED,Entertainment,TV & Home Theater
TV8887968832,469-65"" Class (64.5"" Diag.)   LED   2160p,Entertainment,TV & Home Theater
TV8849738230,811-32"" Class (31.5"" Diag.)   LED   1080p,Entertainment,TV & Home Theater
TV8841088011,833-65"" Class (64.5"" Diag.)   LED   2160p,Entertainment,TV & Home Theater
TV8836052237,210-55"" Class (54.6"" Diag.)   LED   Curved,Entertainment,TV & Home Theater
TV8775079649,205-65"" Class (64.5"" Diag.)   LED   Curved,Entertainment,TV & Home Theater
TV8770618289,496-60"" Class (60"" Diag.)   LED   1080p,Entertainment,TV & Home Theater
TV8768814633,240-65"" Class (64.5"" Diag.)   LED   2160p,Entertainment,TV & Home Theater
TV8572110499,838-65"" Class (64.5"" Diag.)   LED   Curved,Entertainment,TV & Home Theater
TV8505908778,825-32"" Class (31.5"" Diag.)   LED   1080p,Entertainment,TV & Home Theater
TV8458475729,242-55"" Class (54.6"" Diag.)   LED   1080p,Entertainment,TV & Home Theater
TV8384798814,816-40"" Class (40"" Diag.)   LED   1080p,Entertainment,TV & Home Theater
TV8354233570,841-75"" Class (74.5"" Diag.)   2160p   Smart,Entertainment,TV & Home Theater
TV8344450855,483-55"" Class (54.6"" Diag.)   LED   2160p,Entertainment,TV & Home Theater
TV8111471320,839-48"" Class (47.6"" Diag.)   LED   2160p,Entertainment,TV & Home Theater
TV8062391019,236-40"" Class (40"" Diag.)   LED   1080p,Entertainment,TV & Home Theater
TV7946519004,828-65"" Class (64.5"" Diag.)   2160p   Smart,Entertainment,TV & Home Theater
TV7907234816,223-50"" Class (49.7"" Diag.)   LED   1080p,Entertainment,TV & Home Theater
TV7850178250,209-78"" Class (78"" Diag.)   LED   Curved,Entertainment,TV & Home Theater
TV7798770807,222-65"" Class (64.5"" Diag.)   LED   Curved,Entertainment,TV & Home Theater
TV7752971448,241-65"" Class (64.5"" Diag.)   OLED   2160p,Entertainment,TV & Home Theater
TV7679900773,227-65"" Class (64.5"" Diag.)   LED   1080p,Entertainment,TV & Home Theater
TV7595029498,495-32"" Class (31.5"" Diag.)   LED   720p,Entertainment,TV & Home Theater
TV7582981770,824-E Series   24"" Class (23"",Entertainment,TV & Home Theater
TV7122939904,208-65"" Class (64.5"" Diag.)   LED Curved   2160p,Entertainment,TV & Home Theater
TV7022945509,204-55"" Class (54.6"" Diag.)   LED   Curved,Entertainment,TV & Home Theater
TV7020911187,807-60"" Class (60"" Diag.)   LED   2160p,Entertainment,TV & Home Theater
TV7006488542,203-65"" Class (64.5"" Diag.)   LED   Curved,Entertainment,TV & Home Theater
TV6875123808,822-55"" Class (54.6"" Diag.)   LED   2160p,Entertainment,TV & Home Theater
TV6857059530,217-55"" Class (54 5/8"" Diag.)   LED,Entertainment,TV & Home Theater
TV6777977446,488-55"" Class (54.6"" Diag.)   LED   2160p,Entertainment,TV & Home Theater
TV6693396666,246-65"" Class (64.5"" Diag.)   LED   Curved,Entertainment,TV & Home Theater
TV6687547489,475-60"" Class (59.5"" Diag.)   LED   2160p,Entertainment,TV & Home Theater
TV6622745572,802-60"" Class (59.5"" Diag.)   LED   2160p,Entertainment,TV & Home Theater
TV6583260597,829-43"" Class (42.5"" Diag.)   LED   2160p,Entertainment,TV & Home Theater
TV6515853978,840-AQUOS   70"" Class (69.5"" Diag.)   LED,Entertainment,TV & Home Theater
TV6362783823,819-AQUOS   50"" Class (49.6"" Diag.)   LED,Entertainment,TV & Home Theater
TV6302140226,849-65"" Class (64.5"" Diag.)   LED   2160p,Entertainment,TV & Home Theater
TV6277875628,207-65"" Class (64.5"" Diag.)   LED   Curved,Entertainment,TV & Home Theater
TV6277254495,492-60"" Class (60"" Diag.)   LED   2160p,Entertainment,TV & Home Theater
TV6120561984,806-40"" Class (40"" Diag.)   LED   1080p,Entertainment,TV & Home Theater
TV5976042083,815-55"" Class (54.6"" Diag.)   LED   Curved,Entertainment,TV & Home Theater
TV5946024481,232-E Series 32"" Class (32"" Diag.)   LED,Entertainment,TV & Home Theater
TV5938494444,239-AQUOS   43"" Class (42.5"" Diag.)   LED,Entertainment,TV & Home Theater
TV5857645640,235-50"" Class (49.5"" Diag.)   LED   1080p,Entertainment,TV & Home Theater
TV5740396661,834-65"" Class (64.5"" Diag.)   OLED   2160p,Entertainment,TV & Home Theater
TV5667477881,225-E Series   28"" Class (27"",Entertainment,TV & Home Theater
TV5666804858,837-AQUOS   70"" Class (69.5"" Diag.)   LED,Entertainment,TV & Home Theater
TV5597153849,213-78"" Class (78"" Diag.)   LED   Curved,Entertainment,TV & Home Theater
TV5112973101,820-43"" Class (42.6"" Diag.)   LED   1080p,Entertainment,TV & Home Theater
TV5094884266,826-48"" Class (47.6"" Diag.)   LED   2160p,Entertainment,TV & Home Theater
TV5048787878,805-50"" Class (49.5"" Diag.)   LED   2160p,Entertainment,TV & Home Theater
TV4965764950,220-48"" Class (47 5/8"" Diag.)   LED,Entertainment,TV & Home Theater
TV4903340673,470-43"" Class (42.5"" Diag.)   LED   1080p,Entertainment,TV & Home Theater
TV4744226021,484-40"" Class (40"" Diag.)   LED   1080p,Entertainment,TV & Home Theater
TV4628710639,211-78"" Class (78"" Diag.) – LED   Curved   2160p,Entertainment,TV & Home Theater
TV4621765119,489-32"" Class (31.5"" Diag.)   LED   1080p,Entertainment,TV & Home Theater
TV4608435186,226-48"" Class (47.6"" Diag.)   LED   2160p,Entertainment,TV & Home Theater